-- MySQL dump 10.13  Distrib 8.0.43, for Linux (x86_64)
--
-- Host: host.docker.internal    Database: different_news
-- ------------------------------------------------------
-- Server version	9.4.0

/*!40101 SET @OLD_CHARACTER_SET_CLIENT=@@CHARACTER_SET_CLIENT */;
/*!40101 SET @OLD_CHARACTER_SET_RESULTS=@@CHARACTER_SET_RESULTS */;
/*!40101 SET @OLD_COLLATION_CONNECTION=@@COLLATION_CONNECTION */;
/*!50503 SET NAMES utf8mb4 */;
/*!40103 SET @OLD_TIME_ZONE=@@TIME_ZONE */;
/*!40103 SET TIME_ZONE='+00:00' */;
/*!40014 SET @OLD_UNIQUE_CHECKS=@@UNIQUE_CHECKS, UNIQUE_CHECKS=0 */;
/*!40014 SET @OLD_FOREIGN_KEY_CHECKS=@@FOREIGN_KEY_CHECKS, FOREIGN_KEY_CHECKS=0 */;
/*!40101 SET @OLD_SQL_MODE=@@SQL_MODE, SQL_MODE='NO_AUTO_VALUE_ON_ZERO' */;
/*!40111 SET @OLD_SQL_NOTES=@@SQL_NOTES, SQL_NOTES=0 */;

--
-- Table structure for table `tn_article`
--

DROP TABLE IF EXISTS `tn_article`;
/*!40101 SET @saved_cs_client     = @@character_set_client */;
/*!50503 SET character_set_client = utf8mb4 */;
CREATE TABLE `tn_article` (
  `id` int NOT NULL AUTO_INCREMENT,
  `topic_id` int NOT NULL,
  `source` varchar(50) COLLATE utf8mb4_unicode_ci NOT NULL,
  `source_domain` varchar(255) COLLATE utf8mb4_unicode_ci DEFAULT NULL COMMENT '언론사 도메인',
  `side` enum('LEFT','RIGHT') COLLATE utf8mb4_unicode_ci NOT NULL,
  `title` varchar(255) COLLATE utf8mb4_unicode_ci NOT NULL,
  `url` varchar(2048) COLLATE utf8mb4_unicode_ci NOT NULL,
  `published_at` varchar(100) COLLATE utf8mb4_unicode_ci DEFAULT NULL,
  `rss_desc` text COLLATE utf8mb4_unicode_ci COMMENT 'RSS 피드에서 수집한 기사 요약',
  `similarity` float DEFAULT NULL,
  `status` enum('suggested','published','rejected','deleted') COLLATE utf8mb4_unicode_ci NOT NULL DEFAULT 'suggested',
  `updated_at` timestamp NULL DEFAULT CURRENT_TIMESTAMP ON UPDATE CURRENT_TIMESTAMP COMMENT '마지막 수정 일시',
  `thumbnail_url` varchar(2048) COLLATE utf8mb4_unicode_ci DEFAULT NULL COMMENT '기사 썸네일 이미지 URL',
  `is_featured` tinyint(1) NOT NULL DEFAULT '0' COMMENT '대표 기사 여부',
  `display_order` int DEFAULT '0',
  PRIMARY KEY (`id`),
  UNIQUE KEY `unique_topic_article` (`topic_id`,`url`(255)),
  CONSTRAINT `tn_article_ibfk_1` FOREIGN KEY (`topic_id`) REFERENCES `tn_topic` (`id`) ON DELETE CASCADE
) ENGINE=InnoDB AUTO_INCREMENT=551 DEFAULT CHARSET=utf8mb4 COLLATE=utf8mb4_unicode_ci;
/*!40101 SET character_set_client = @saved_cs_client */;

--
-- Dumping data for table `tn_article`
--

LOCK TABLES `tn_article` WRITE;
/*!40000 ALTER TABLE `tn_article` DISABLE KEYS */;
INSERT INTO `tn_article` VALUES (1,1,'경향신문',NULL,'LEFT','대왕고래, 첫 탐사 시추는 연말에…성공률 20%','https://example.com/left1','2025-09-22T10:00:00Z',NULL,NULL,'suggested','2025-09-23 07:23:52','https://img1.daumcdn.net/thumb/S1200x630/?fname=https://t1.daumcdn.net/daumtop_chanel/op/20200723055344399.png',0,0),(2,1,'한겨레',NULL,'LEFT','동해 가스전, 전문가들의 평가는?','https://example.com/left2','2025-09-22T11:00:00Z',NULL,NULL,'suggested','2025-09-23 04:31:37',NULL,0,0),(3,1,'조선일보',NULL,'RIGHT','“대왕고래, 제2의 산유국 꿈” 정부 총력 지원','https://example.com/right1','2025-09-22T10:30:00Z',NULL,NULL,'suggested','2025-09-23 07:24:02','https://i.namu.wiki/i/K6jP6xgr2-o-nt-i5-qg_AI2i_a-2ovhXm-1t1s3-jK-5lB6A4vN-3E-gD5K88G-sBf1c0o2-r8M0-T5X7_GDA.webp',0,0),(4,1,'동아일보',NULL,'RIGHT','야당 “대왕고래, 국면전환용 아닌가” 의혹 제기','https://example.com/right2','2025-09-22T11:30:00Z',NULL,NULL,'suggested','2025-09-23 04:31:37',NULL,0,0),(61,12,'경향신문',NULL,'LEFT','김정은·트럼프, 경주 APEC 계기로 만남 성사되나','https://www.khan.co.kr/article/202509221455011/?utm_source=khan_rss&utm_medium=rss&utm_campaign=politic_news','2025-09-22T14:55:01+09:00',NULL,0.856624,'published','2025-09-25 01:19:25',NULL,0,2),(63,12,'한겨레',NULL,'LEFT','김정은 “트럼프에 좋은 추억”…동등한 ‘핵 보유국’으로 협상 뜻','https://www.hani.co.kr/arti/politics/defense/1220130.html',NULL,NULL,0.84792,'published','2025-09-25 01:19:25',NULL,0,1),(66,12,'경향신문',NULL,'LEFT','“트럼프와 좋은 추억\" \"남측 일체 상대 안 해”···김정은 첫 메시지 노골적 \'통미봉남\'','https://www.khan.co.kr/article/202509222124005/?utm_source=khan_rss&utm_medium=rss&utm_campaign=politic_news','2025-09-22T21:24:00+09:00',NULL,0.842815,'published','2025-09-25 01:19:25',NULL,0,3),(69,12,'경향신문',NULL,'LEFT','APEC 80억짜리 만찬장 ‘닭 쫓던 개’ 신세…“한달 앞두고 갑자기 안 쓴다니”','https://www.khan.co.kr/article/202509231517001/?utm_source=khan_rss&utm_medium=rss&utm_campaign=society_news','2025-09-23T15:17:00+09:00',NULL,0.840931,'published','2025-09-25 01:19:25',NULL,0,4),(72,12,'조선일보',NULL,'RIGHT','李대통령, 경주 APEC 앞두고 전 국민 대청소 제안... “깨끗한 국토에서 손님 맞아야”','https://www.chosun.com/politics/blue_house/2025/09/22/OZ5BHJEMGJAUFL6Y4WP5SQ77G4/','Sun, 21 Sep 2025 23:59:35 +0000',NULL,0.844385,'published','2025-09-25 01:19:25',NULL,1,1),(74,12,'조선일보',NULL,'RIGHT','트럼프·시진핑 서울서 묵을 수도','https://www.chosun.com/politics/politics_general/2025/09/22/DQKHTZXLL5E53FS37GRR4ZBZPI/','Sun, 21 Sep 2025 15:55:00 +0000',NULL,0.841464,'published','2025-09-25 01:19:25',NULL,0,3),(75,12,'조선일보',NULL,'RIGHT','김정은 “트럼프와 좋은 추억”... ‘판문점 번개’ 또 연출되나','https://www.chosun.com/politics/north_korea/2025/09/22/W5UUSFW4CRHL5C7CCEAUXJT22Q/','Sun, 21 Sep 2025 22:41:46 +0000',NULL,0.840156,'published','2025-09-25 01:19:25',NULL,0,2),(77,12,'조선일보',NULL,'RIGHT','관세 폭탄, 비자 장벽에도 美 나가야…中企 400인 머리 맞댔다','https://www.chosun.com/economy/smb-venture/2025/09/23/3KKI5DJAPJGSTFMABQC3Q6LD6I/','Tue, 23 Sep 2025 07:23:25 +0000',NULL,0.838449,'suggested','2025-09-23 07:49:17',NULL,0,0),(78,12,'조선일보',NULL,'RIGHT','작년 정부·공기업 49兆 적자… 5년째 마이너스','https://www.chosun.com/economy/economy_general/2025/09/23/MP7L6G3LUY2VFF52SL62V5G55I/','Tue, 23 Sep 2025 03:10:20 +0000',NULL,0.837941,'published','2025-09-23 08:26:47',NULL,0,0),(79,12,'동아일보',NULL,'RIGHT','李대통령, 블랙록 회장 접견…한국 아시아태평양 AI 수도 실현 협력','https://www.donga.com/news/Politics/article/all/20250923/132446622/1','Tue, 23 Sep 2025 16:16:00 +0900',NULL,0.837919,'suggested','2025-09-23 07:49:17',NULL,0,0),(81,31,'오마이뉴스',NULL,'LEFT','트럼프, H-1B 비자 신청 수수료 10만 달러로 대폭 인상','https://www.ohmynews.com/NWS_Web/View/at_pg.aspx?CNTN_CD=A0003167178','2025-09-20T10:45:03+09:00',NULL,0.868564,'published','2025-09-23 07:50:12',NULL,0,0),(83,31,'한겨레',NULL,'LEFT','“감금됐다” “형 죽이겠다”…1년간 5만8천회 허위신고 50대 구속','https://www.hani.co.kr/arti/society/society_general/1220213.html',NULL,NULL,0.849099,'suggested','2025-09-23 07:49:17',NULL,0,0),(84,31,'오마이뉴스',NULL,'LEFT','분단정부냐 통일정부냐 쟁점','https://www.ohmynews.com/NWS_Web/View/at_pg.aspx?CNTN_CD=A0003167518','2025-09-23T15:04:44+09:00',NULL,0.848375,'suggested','2025-09-23 07:49:17',NULL,0,0),(85,31,'경향신문',NULL,'LEFT','‘다이소 유통’ 다이어트 건기식 ‘가르시니아’ 전량 회수···간염 증상 2건 발생','https://www.khan.co.kr/article/202509231326001/?utm_source=khan_rss&utm_medium=rss&utm_campaign=society_news','2025-09-23T13:26:00+09:00',NULL,0.847653,'suggested','2025-09-23 07:49:17',NULL,0,0),(87,31,'경향신문',NULL,'LEFT','[단독]수해참사 이후 “반지하 퇴출”한다더니…매입임대 이주 0.3%뿐','https://www.khan.co.kr/article/202509230600061/?utm_source=khan_rss&utm_medium=rss&utm_campaign=economy_news','2025-09-23T06:00:06+09:00',NULL,0.842335,'suggested','2025-09-23 07:49:17',NULL,0,0),(88,31,'오마이뉴스',NULL,'LEFT','국과수 이용해서 사건 조작... 24년 만에 밝혀진 진짜 범죄자','https://www.ohmynews.com/NWS_Web/View/at_pg.aspx?CNTN_CD=A0003167433','2025-09-23T11:54:12+09:00',NULL,0.841935,'suggested','2025-09-23 07:49:17',NULL,0,0),(89,31,'경향신문',NULL,'LEFT','‘공연·전시 할인권’ 아직 173만장 남았어요···서둘러 가져가세요','https://www.khan.co.kr/article/202509230923001/?utm_source=khan_rss&utm_medium=rss&utm_campaign=culture_news','2025-09-23T09:23:00+09:00',NULL,0.84172,'suggested','2025-09-23 07:49:17',NULL,0,0),(90,31,'경향신문',NULL,'LEFT','외국인 ‘쇼핑 헌터스’ 필수 코스 된 K편의점···요즘 많이 찾은 상품은','https://www.khan.co.kr/article/202509222041005/?utm_source=khan_rss&utm_medium=rss&utm_campaign=economy_news','2025-09-22T20:41:00+09:00',NULL,0.841503,'suggested','2025-09-23 07:49:17',NULL,0,0),(91,31,'중앙일보',NULL,'RIGHT','\'H-1B 수수료 폭탄\' 美와 반대로…영국은 전문직 비자 \'0원\' 검토 - 중앙일보','https://news.google.com/rss/articles/CBMiVkFVX3lxTE5mVDNhMXNKbTFVaGNuenpHVEMtal9mNkNBeFItYWNlTENER1VITzEwRWJDa1ViTGMxb3lXVkNNWlFReGdFVktKVVE5c2JJZUU5YW9UaFZn?oc=5','Mon, 22 Sep 2025 15:10:06 GMT',NULL,0.857566,'published','2025-09-23 07:50:56',NULL,1,0),(92,31,'조선일보',NULL,'RIGHT','관세 폭탄, 비자 장벽에도 美 나가야…中企 400인 머리 맞댔다','https://www.chosun.com/economy/smb-venture/2025/09/23/3KKI5DJAPJGSTFMABQC3Q6LD6I/','Tue, 23 Sep 2025 07:23:25 +0000',NULL,0.856475,'published','2025-09-23 07:50:53',NULL,0,0),(93,31,'조선일보',NULL,'RIGHT','美 여행허가(ESTA) 수수료 두 배 폭등… 이달 신청해야 10만원 아낀다','https://www.chosun.com/economy/money/2025/09/23/USEWLOAQT5GRRHUYC5MMXQ7KFE/','Tue, 23 Sep 2025 03:49:05 +0000',NULL,0.853489,'published','2025-09-23 07:50:42',NULL,0,0),(94,31,'조선일보',NULL,'RIGHT','작년 정부·공기업 49兆 적자… 5년째 마이너스','https://www.chosun.com/economy/economy_general/2025/09/23/MP7L6G3LUY2VFF52SL62V5G55I/','Tue, 23 Sep 2025 03:10:20 +0000',NULL,0.847698,'suggested','2025-09-23 07:49:17',NULL,0,0),(95,31,'동아일보',NULL,'RIGHT','가스公기관 3사, 직원 비위에도 솜방망이 처벌…성과급도 지급','https://www.donga.com/news/Economy/article/all/20250923/132443476/1','Tue, 23 Sep 2025 10:14:17 +0900',NULL,0.844699,'suggested','2025-09-23 07:49:17',NULL,0,0),(96,31,'조선일보',NULL,'RIGHT','정부, 미국 비자 문제 개선을 위한 범정부 TF 발족','https://www.chosun.com/politics/diplomacy-defense/2025/09/18/C6WHZ6A5HVCI7HTA26HREV6A5M/','Thu, 18 Sep 2025 07:46:10 +0000',NULL,0.843998,'published','2025-09-23 07:50:45',NULL,0,0),(97,31,'동아일보',NULL,'RIGHT','태어나자마자 배당받는 ‘0세 주주’ 3660명…5년 새 10배 급증','https://www.donga.com/news/Economy/article/all/20250923/132442729/1','Tue, 23 Sep 2025 08:44:52 +0900',NULL,0.843845,'suggested','2025-09-23 07:49:17',NULL,0,0),(98,31,'조선일보',NULL,'RIGHT','정부, 美 구금 316명 대상 설문... ‘인권침해 주장’ 확인','https://www.chosun.com/politics/diplomacy-defense/2025/09/22/PBLR25BWQBBXTDA5C52TAG2I6E/','Mon, 22 Sep 2025 02:22:50 +0000',NULL,0.843342,'suggested','2025-09-23 07:49:17',NULL,0,0),(99,31,'동아일보',NULL,'RIGHT','“술 취했으니 집 가라” 격분해 지인 흉기로 ‘푹’…징역6년','https://www.donga.com/news/Society/article/all/20250923/132445389/1','Tue, 23 Sep 2025 14:05:17 +0900',NULL,0.841702,'suggested','2025-09-23 07:49:17',NULL,0,0),(100,31,'조선일보',NULL,'RIGHT','병사 모자라 군무원이 보초… K9 자주포 30%는 조종수 없어 ‘대기’','https://www.chosun.com/politics/diplomacy-defense/2025/09/22/HF4LQI7CEFGMHDRWO5NNTUO32Y/','Sun, 21 Sep 2025 15:55:00 +0000',NULL,0.841477,'suggested','2025-09-23 07:49:17',NULL,0,0),(101,43,'경향신문',NULL,'LEFT','외국인 ‘쇼핑 헌터스’ 필수 코스 된 K편의점···요즘 많이 찾은 상품은','https://www.khan.co.kr/article/202509222041005/?utm_source=khan_rss&utm_medium=rss&utm_campaign=economy_news','2025-09-22T20:41:00+09:00',NULL,0.833202,'published','2025-09-23 07:51:57',NULL,1,0),(102,43,'경향신문',NULL,'LEFT','[점선면]한국에서 ‘제2의 케데헌’ 나올 수 있을까?','https://www.khan.co.kr/article/202509190700001/?utm_source=khan_rss&utm_medium=rss&utm_campaign=culture_news','2025-09-19T07:00:00+09:00',NULL,0.832374,'published','2025-09-23 07:51:38',NULL,0,0),(103,43,'한겨레',NULL,'LEFT','‘케데헌’ 골든, 빌보드 ‘핫100’ 6주째 1위…애니메이션 OST 최장 기록','https://www.hani.co.kr/arti/culture/music/1220162.html',NULL,NULL,0.829353,'published','2025-09-23 07:51:40',NULL,0,0),(104,43,'한겨레',NULL,'LEFT','일상은 반듯하게, 음악은 나답게 [.txt]','https://www.hani.co.kr/arti/culture/music/1219794.html',NULL,NULL,0.827054,'suggested','2025-09-23 07:49:17',NULL,0,0),(105,43,'한겨레',NULL,'LEFT','작은 위로, 작은 응전 [.txt]','https://www.hani.co.kr/arti/culture/book/1219749.html',NULL,NULL,0.825463,'suggested','2025-09-23 07:49:17',NULL,0,0),(106,43,'경향신문',NULL,'LEFT','두 개의 바다에서 어슬렁 [카메라 워크 K]','https://www.khan.co.kr/article/202509201359001/?utm_source=khan_rss&utm_medium=rss&utm_campaign=culture_news','2025-09-20T13:59:00+09:00',NULL,0.825138,'suggested','2025-09-23 07:49:17',NULL,0,0),(107,43,'경향신문',NULL,'LEFT','[포토뉴스] 삼성전자 ‘K-히어로 페스타’','https://www.khan.co.kr/article/202509222042025/?utm_source=khan_rss&utm_medium=rss&utm_campaign=economy_news','2025-09-22T20:42:02+09:00',NULL,0.824937,'suggested','2025-09-23 07:49:17',NULL,0,0),(108,43,'한겨레',NULL,'LEFT','‘영포티’ 품는 아이폰? 40대 ‘애플빠’ 급증세…갤럭시 향하는 MZ','https://www.hani.co.kr/arti/economy/it/1220145.html',NULL,NULL,0.824102,'suggested','2025-09-23 07:49:17',NULL,0,0),(109,43,'경향신문',NULL,'LEFT','‘공연·전시 할인권’ 아직 173만장 남았어요···서둘러 가져가세요','https://www.khan.co.kr/article/202509230923001/?utm_source=khan_rss&utm_medium=rss&utm_campaign=culture_news','2025-09-23T09:23:00+09:00',NULL,0.823374,'suggested','2025-09-23 07:49:17',NULL,0,0),(110,43,'경향신문',NULL,'LEFT','일본 밴드, 김광석의 ‘바람이 불어오는 곳’ 표절 의혹에 한 말이…','https://www.khan.co.kr/article/202509201728001/?utm_source=khan_rss&utm_medium=rss&utm_campaign=culture_news','2025-09-20T17:28:00+09:00',NULL,0.822962,'suggested','2025-09-23 07:49:17',NULL,0,0),(111,43,'동아일보',NULL,'RIGHT','농협, 독일서 K-푸드 선보인다… 쌀·떡·두부·김치 등 가공식품 행사','https://www.donga.com/news/Economy/article/all/20250923/132445574/1','Tue, 23 Sep 2025 14:26:00 +0900',NULL,0.829222,'published','2025-09-23 07:51:20',NULL,0,0),(112,43,'조선일보',NULL,'RIGHT','카카오톡 15년 만의 대변신…소셜미디어·AI 탑재','https://www.chosun.com/economy/tech_it/2025/09/23/M344SPWPJNAZ5LFD2COR4TF6FI/','Tue, 23 Sep 2025 02:00:00 +0000',NULL,0.82512,'suggested','2025-09-23 07:49:17',NULL,0,0),(113,43,'조선일보',NULL,'RIGHT','병사 모자라 군무원이 보초… K9 자주포 30%는 조종수 없어 ‘대기’','https://www.chosun.com/politics/diplomacy-defense/2025/09/22/HF4LQI7CEFGMHDRWO5NNTUO32Y/','Sun, 21 Sep 2025 15:55:00 +0000',NULL,0.824167,'suggested','2025-09-23 07:49:17',NULL,0,0),(114,43,'동아일보',NULL,'RIGHT','케데헌 OST ‘골든’, 빌보드 핫100 통산 6번째 1위','https://www.donga.com/news/Culture/article/all/20250923/132446688/1','Tue, 23 Sep 2025 16:17:00 +0900',NULL,0.822424,'published','2025-09-23 07:51:34',NULL,1,0),(115,43,'동아일보',NULL,'RIGHT','권위와 교류의 흔적… ‘철의 왕국’ 가야를 만나다','https://www.donga.com/news/Culture/article/all/20250923/132441537/2','Tue, 23 Sep 2025 03:00:00 +0900',NULL,0.822377,'suggested','2025-09-23 07:49:17',NULL,0,0),(116,43,'동아일보',NULL,'RIGHT','“케데헌 인기에”…틱톡서 일제의 조선 호랑이 사냥 재조명','https://www.donga.com/news/Culture/article/all/20250923/132445443/2','Tue, 23 Sep 2025 15:59:03 +0900',NULL,0.822262,'published','2025-09-23 07:51:23',NULL,0,0),(117,43,'중앙일보',NULL,'RIGHT','전통문화 얹은 향수·소주잔·여권케이스까지…\'케데헌\' 타고 급증 - 중앙일보','https://news.google.com/rss/articles/CBMiVkFVX3lxTE11ZUJIeldyZVhiaDgtX0wxdEQ2Z3V3T3F4dkZkbzJlaWJwNTF0WmhKenJIWkQxN2pPY0FLN2tLYWJZcGhUNXFsdWxobERrSzljZ094d2V3?oc=5','Thu, 11 Sep 2025 07:00:00 GMT',NULL,0.821745,'suggested','2025-09-23 07:49:17',NULL,0,0),(118,43,'동아일보',NULL,'RIGHT','케데헌 통해 드러난 日 호랑이 사냥…틱톡 영상 화제','https://www.donga.com/news/Culture/article/all/20250923/132443328/1','Tue, 23 Sep 2025 10:03:40 +0900',NULL,0.821414,'published','2025-09-23 07:51:30',NULL,0,0),(119,43,'동아일보',NULL,'RIGHT','“커피 마셨더니 꿈이 사라졌다?”…깊은 숙면 위한 8시간 법칙','https://www.donga.com/news/It/article/all/20250922/132437614/2','Mon, 22 Sep 2025 18:30:00 +0900',NULL,0.819854,'suggested','2025-09-23 07:49:17',NULL,0,0),(120,43,'동아일보',NULL,'RIGHT','무용·음악·영화·패션까지… ‘홍콩위크 2025서울’ 26일 개막','https://www.donga.com/news/Economy/article/all/20250923/132444608/1','Tue, 23 Sep 2025 11:49:49 +0900',NULL,0.81849,'suggested','2025-09-23 07:49:17',NULL,0,0),(121,39,'오마이뉴스',NULL,'LEFT','분단정부냐 통일정부냐 쟁점','https://www.ohmynews.com/NWS_Web/View/at_pg.aspx?CNTN_CD=A0003167518','2025-09-23T15:04:44+09:00',NULL,0.858004,'published','2025-09-23 08:27:48',NULL,0,0),(122,39,'한겨레',NULL,'LEFT','김정은 “트럼프에 좋은 추억”…동등한 ‘핵 보유국’으로 협상 뜻','https://www.hani.co.kr/arti/politics/defense/1220130.html',NULL,NULL,0.857231,'published','2025-09-23 08:27:10',NULL,0,0),(123,39,'경향신문',NULL,'LEFT','“트럼프와 좋은 추억\" \"남측 일체 상대 안 해”···김정은 첫 메시지 노골적 \'통미봉남\'','https://www.khan.co.kr/article/202509222124005/?utm_source=khan_rss&utm_medium=rss&utm_campaign=politic_news','2025-09-22T21:24:00+09:00',NULL,0.851084,'published','2025-09-23 08:27:42',NULL,1,0),(124,39,'경향신문',NULL,'LEFT','김정은의 노골적인 ‘통미봉남’ 메시지','https://www.khan.co.kr/article/202509221857011/?utm_source=khan_rss&utm_medium=rss&utm_campaign=politic_news','2025-09-22T18:57:01+09:00',NULL,0.847798,'published','2025-09-23 08:27:15',NULL,0,0),(125,39,'경향신문',NULL,'LEFT','“트럼프 좋은 추억” 미국에 손 내민 김정은, 한국엔 “일체 상대 않을 것”','https://www.khan.co.kr/article/202509221500011/?utm_source=khan_rss&utm_medium=rss&utm_campaign=politic_news','2025-09-22T15:00:01+09:00',NULL,0.84508,'published','2025-09-23 08:27:17',NULL,0,0),(126,39,'경향신문',NULL,'LEFT','김정은 “결단코 통일은 불필요”…남북 대화의 ‘틈’마저 원천 차단','https://www.khan.co.kr/article/202509222127015/?utm_source=khan_rss&utm_medium=rss&utm_campaign=politic_news','2025-09-22T21:27:01+09:00',NULL,0.841477,'published','2025-09-23 08:27:27',NULL,0,0),(127,39,'한겨레',NULL,'LEFT','김정은 “비핵화 빼면 미국과 대화”…이재명 “핵동결 북·미 합의 땐 동의”','https://www.hani.co.kr/arti/politics/defense/1220125.html',NULL,NULL,0.841251,'published','2025-09-23 08:27:25',NULL,0,0),(128,39,'경향신문',NULL,'LEFT','김정은, 시진핑의 9·9절 축전에 답전 …지난해 빠진 ‘협조’ 표현 다시 등장','https://www.khan.co.kr/article/202509231525001/?utm_source=khan_rss&utm_medium=rss&utm_campaign=politic_news','2025-09-23T15:25:00+09:00',NULL,0.840539,'suggested','2025-09-25 00:07:24',NULL,0,0),(129,39,'경향신문',NULL,'LEFT','정전협정 이틀 앞두고 순국…72년 만에 아들 품으로','https://www.khan.co.kr/article/202509231523001/?utm_source=khan_rss&utm_medium=rss&utm_campaign=politic_news','2025-09-23T15:23:00+09:00',NULL,0.840049,'suggested','2025-09-23 08:27:37',NULL,0,0),(130,39,'한겨레',NULL,'LEFT','남북관계 과거와 달라…대북정책 재설계 필요','https://www.hani.co.kr/arti/politics/diplomacy/1220131.html',NULL,NULL,0.837003,'suggested','2025-09-23 08:23:30',NULL,0,0),(131,39,'조선일보',NULL,'RIGHT','김정은 “트럼프와 좋은 추억”... ‘판문점 번개’ 또 연출되나','https://www.chosun.com/politics/north_korea/2025/09/22/W5UUSFW4CRHL5C7CCEAUXJT22Q/','Sun, 21 Sep 2025 22:41:46 +0000',NULL,0.848941,'published','2025-09-23 08:28:15',NULL,1,0),(132,39,'조선일보',NULL,'RIGHT','김정은 “트럼프와는 좋은 추억… 비핵화 털면 못 만날 이유 없어”','https://www.chosun.com/politics/north_korea/2025/09/23/COQOJK6FZNFTZLBRB6AL3QO4VM/','Mon, 22 Sep 2025 15:55:00 +0000',NULL,0.846609,'published','2025-09-23 08:27:58',NULL,0,0),(133,39,'중앙일보',NULL,'RIGHT','김정은 \"트럼프와 좋은 추억…비핵화 포기하면 만날수 있어\" - 중앙일보','https://news.google.com/rss/articles/CBMiVkFVX3lxTE5Db2ZfMVVjZjQ0eC1HYUsybHRIMnZDeHI5VEppT2dKRHVFMjJ6Z0hjaGdoWjdIRGhLSno2QlJobzFjQTk0bjI1czF5alhXM3JHaDliWHVR?oc=5','Sun, 21 Sep 2025 21:10:28 GMT',NULL,0.8432,'published','2025-09-23 08:28:00',NULL,0,0),(134,39,'조선일보',NULL,'RIGHT','이 대통령 “북핵동결, 임시조치로 현실적…트럼프-김정은 합의시 수용','https://www.chosun.com/politics/politics_general/2025/09/22/B4ZSCGS6BFBRBOS5DMFGTGUQHM/','Sun, 21 Sep 2025 21:29:36 +0000',NULL,0.84214,'published','2025-09-23 08:27:55',NULL,0,0),(135,39,'동아일보',NULL,'RIGHT','김정은 “트럼프 못만날것 없어” 이재명 “핵동결 현실적”','https://www.donga.com/news/Politics/article/all/20250923/132441811/2','Tue, 23 Sep 2025 03:00:00 +0900',NULL,0.841794,'published','2025-09-23 08:28:02',NULL,0,0),(136,39,'동아일보',NULL,'RIGHT','트럼프-김정은, 2019년 ‘판문점 번개’ 같은 깜짝 만남 가능성','https://www.donga.com/news/Politics/article/all/20250923/132441762/2','Tue, 23 Sep 2025 03:00:00 +0900',NULL,0.84134,'published','2025-09-23 08:28:11',NULL,0,0),(137,39,'동아일보',NULL,'RIGHT','北 ‘비핵화 불가’에 美 ‘완전 비핵화’ 응수…북미대화 기싸움?','https://www.donga.com/news/Inter/article/all/20250923/132442456/1','Tue, 23 Sep 2025 07:46:21 +0900',NULL,0.837264,'published','2025-09-23 08:28:09',NULL,0,0),(138,39,'조선일보',NULL,'RIGHT','한미일 외교장관 “한반도 비핵화 원칙, 대북 억제 태세 견지”','https://www.chosun.com/politics/diplomacy-defense/2025/09/23/Q2R3MROJVNG37FL7XRKCRBHHAQ/','Tue, 23 Sep 2025 01:22:02 +0000',NULL,0.837081,'published','2025-09-23 08:28:13',NULL,0,0),(139,39,'중앙일보',NULL,'RIGHT','김정은, 핵·경제 다 챙겼다...복잡해진 한·미 대북 셈법 - 중앙일보','https://news.google.com/rss/articles/CBMiVkFVX3lxTE53U3RrXy1RRFlRQm1vZjJUa3MwY1J6RTVGTThlVzU2YXd5TXhZT0FndkJIMk45U3BWQVVoaGlibHRTMkVwemVvakEyd3QyRjR6akd6TFR3?oc=5','Fri, 05 Sep 2025 07:00:00 GMT',NULL,0.83668,'suggested','2025-09-23 08:23:30',NULL,0,0),(140,39,'동아일보',NULL,'RIGHT','김정은, 건군절 맞아 시진핑에 답전…조중 친선·협조 강조','https://www.donga.com/news/Politics/article/all/20250923/132446739/1','Tue, 23 Sep 2025 16:40:00 +0900',NULL,0.836445,'suggested','2025-09-23 08:23:30',NULL,0,0),(141,25,'오마이뉴스',NULL,'LEFT','분단정부냐 통일정부냐 쟁점','https://www.ohmynews.com/NWS_Web/View/at_pg.aspx?CNTN_CD=A0003167518','2025-09-23T15:04:44+09:00',NULL,0.838315,'suggested','2025-09-23 08:31:42',NULL,0,0),(142,25,'한겨레',NULL,'LEFT','작은 위로, 작은 응전 [.txt]','https://www.hani.co.kr/arti/culture/book/1219749.html',NULL,NULL,0.836299,'suggested','2025-09-23 08:31:42',NULL,0,0),(143,25,'경향신문',NULL,'LEFT','“트럼프와 좋은 추억\" \"남측 일체 상대 안 해”···김정은 첫 메시지 노골적 \'통미봉남\'','https://www.khan.co.kr/article/202509222124005/?utm_source=khan_rss&utm_medium=rss&utm_campaign=politic_news','2025-09-22T21:24:00+09:00',NULL,0.835456,'suggested','2025-09-23 08:31:42',NULL,0,0),(144,25,'한겨레',NULL,'LEFT','김정은 “트럼프에 좋은 추억”…동등한 ‘핵 보유국’으로 협상 뜻','https://www.hani.co.kr/arti/politics/defense/1220130.html',NULL,NULL,0.833156,'published','2025-09-25 00:06:35',NULL,0,0),(145,25,'한겨레',NULL,'LEFT','이야기는 힘이 세다 [.txt]','https://www.hani.co.kr/arti/culture/book/1219648.html',NULL,NULL,0.833156,'suggested','2025-09-23 08:31:42',NULL,0,0),(146,25,'한겨레',NULL,'LEFT','이 대통령 “통화 스와프 없이 3500억 대미 투자, IMF같은 상황 직면”','https://www.hani.co.kr/arti/politics/bluehouse/1220089.html',NULL,NULL,0.831738,'published','2025-09-25 00:06:32',NULL,0,0),(147,25,'경향신문',NULL,'LEFT','‘파라스파라’서 ‘안토’로···“내년 흑자 전환” 한화호텔, 승부수 통할까','https://www.khan.co.kr/article/202509231634001/?utm_source=khan_rss&utm_medium=rss&utm_campaign=economy_news','2025-09-23T16:34:00+09:00',NULL,0.830115,'suggested','2025-09-23 08:31:42',NULL,0,0),(148,25,'경향신문',NULL,'LEFT','정전협정 이틀 앞두고 순국…72년 만에 아들 품으로','https://www.khan.co.kr/article/202509231523001/?utm_source=khan_rss&utm_medium=rss&utm_campaign=politic_news','2025-09-23T15:23:00+09:00',NULL,0.828709,'suggested','2025-09-23 08:31:42',NULL,0,0),(149,25,'한겨레',NULL,'LEFT','“감금됐다” “형 죽이겠다”…1년간 5만8천회 허위신고 50대 구속','https://www.hani.co.kr/arti/society/society_general/1220213.html',NULL,NULL,0.828164,'suggested','2025-09-23 08:31:42',NULL,0,0),(151,25,'동아일보',NULL,'RIGHT','권위와 교류의 흔적… ‘철의 왕국’ 가야를 만나다','https://www.donga.com/news/Culture/article/all/20250923/132441537/2','Tue, 23 Sep 2025 03:00:00 +0900',NULL,0.835377,'suggested','2025-09-23 08:31:42',NULL,0,0),(152,25,'조선일보',NULL,'RIGHT','李 “통화 스와프 없이 3500억달러 美 투자하면 금융 위기”','https://www.chosun.com/politics/politics_general/2025/09/23/2TMNPGUPFRFSRA22E75E5ZXYGE/','Mon, 22 Sep 2025 15:55:00 +0000',NULL,0.832179,'published','2025-09-25 00:06:45',NULL,0,0),(153,25,'조선일보',NULL,'RIGHT','대통령실 특활비, 역대 정부 중 첫 공개... 3개월간 4억6000만원','https://www.chosun.com/politics/politics_general/2025/09/23/VR7RQFBHAZABRCXHFZPCLG5YVI/','Tue, 23 Sep 2025 07:13:25 +0000',NULL,0.829759,'suggested','2025-09-23 08:31:42',NULL,0,0),(154,25,'조선일보',NULL,'RIGHT','보석 중인 송영길 북 콘서트 열어… 李대통령은 축전','https://www.chosun.com/politics/assembly/2025/09/22/55NTLABKCBC4TL2RFSOFLWKKXU/','Sun, 21 Sep 2025 15:55:00 +0000',NULL,0.828,'suggested','2025-09-23 08:31:42',NULL,0,0),(155,25,'동아일보',NULL,'RIGHT','“술 취했으니 집 가라” 격분해 지인 흉기로 ‘푹’…징역6년','https://www.donga.com/news/Society/article/all/20250923/132445389/1','Tue, 23 Sep 2025 14:05:17 +0900',NULL,0.827244,'suggested','2025-09-23 08:31:42',NULL,0,0),(156,25,'조선일보',NULL,'RIGHT','병사 모자라 군무원이 보초… K9 자주포 30%는 조종수 없어 ‘대기’','https://www.chosun.com/politics/diplomacy-defense/2025/09/22/HF4LQI7CEFGMHDRWO5NNTUO32Y/','Sun, 21 Sep 2025 15:55:00 +0000',NULL,0.827157,'suggested','2025-09-23 08:31:42',NULL,0,0),(157,25,'조선일보',NULL,'RIGHT','이번엔 ‘윤석열 오빠’로... 법사위 ‘1일 1건 아수라장’','https://www.chosun.com/politics/politics_general/2025/09/22/K4SN2GQZ7BCPRH6BFYUV2MX32Q/','Mon, 22 Sep 2025 05:41:44 +0000',NULL,0.826311,'suggested','2025-09-23 08:31:42',NULL,0,0),(158,25,'동아일보',NULL,'RIGHT','李대통령, 취임 후 첫 추석 선물 보낸다…목록 살펴보니','https://www.donga.com/news/Politics/article/all/20250923/132446209/2','Tue, 23 Sep 2025 15:28:06 +0900',NULL,0.826308,'suggested','2025-09-23 08:31:42',NULL,0,0),(159,25,'조선일보',NULL,'RIGHT','김정은 “트럼프와 좋은 추억”... ‘판문점 번개’ 또 연출되나','https://www.chosun.com/politics/north_korea/2025/09/22/W5UUSFW4CRHL5C7CCEAUXJT22Q/','Sun, 21 Sep 2025 22:41:46 +0000',NULL,0.825545,'suggested','2025-09-23 08:31:42',NULL,0,0),(160,25,'조선일보',NULL,'RIGHT','증권사 만난 李대통령 “국장 복귀는 지능 순, 이런 말 생기게 할 것”','https://www.chosun.com/politics/politics_general/2025/09/19/ZFTBTXRNFZHXPBYZ4VOJIWVY2M/','Thu, 18 Sep 2025 15:55:00 +0000',NULL,0.825535,'suggested','2025-09-23 08:31:42',NULL,0,0),(161,20,'경향신문',NULL,'LEFT','뉴욕 도착 즉시 일정 시작한 이 대통령···내일 유엔총회 기조연설','https://www.khan.co.kr/article/202509230358001/?utm_source=khan_rss&utm_medium=rss&utm_campaign=politic_news','2025-09-23T03:58:00+09:00','유엔총회 참석차 미국을 방문한 이재명 대통령과 김혜경 여사가 22일(현지시간) 뉴욕 JFK공항에 착륙한 공군 1호기에서 환영객에게 인사하고 있다. 연합뉴스\n\n유엔총회 참석을 위해 출국한 이재명 대통령이 22일(현지시간) 미국 뉴욕에 도착한 뒤 곧바로 일정을 시작했다.\n\n이 대통령과 부인 김혜경 여사를 태운 대통령 전용기(공군 1호기)는 이날 오전 11시50···',0.860681,'suggested','2025-09-24 00:41:26','https://img.khan.co.kr/news/2025/09/23/news-p.v1.20250923.4d6499664c0942cbbbc51d98b02f35f0_P1.jpeg',0,0),(162,20,'오마이뉴스',NULL,'LEFT','이 대통령, 내일 새벽 유엔총회 기조연설... 트럼프와 만날까','https://www.ohmynews.com/NWS_Web/View/at_pg.aspx?CNTN_CD=A0003168125','2025-09-23T17:32:21+09:00','이재명 대통령이 현지 시간으로 23일 낮 미국 뉴욕에서 열리는 유엔총회 고위급회기에서 기조연설 연사로 나선다. 한국시간으로는 24일 새벽 1시 30분경이 될 것으로 보인다. \n \n이날 오전 10시부터 시작되는 회의에서 이 대통령은 회원국 정상 가운데 7번째로 연단에 서 우리말로 연설할 예정이다. \n \n이 대통령은 이번 연설에서 \'민주 대한민국\'의 복귀를 선언하고 한반도 정책 등 우리 정부의 외교 비전을 제시하는 한편 인류의 평화와 번영을 이뤄나가기 위한 한국의 기여 방안에 대해서도 설명할 예정이다. \n \n도널드 트럼프 미국 대통령도 2번째로 연설하며, 총회장에서 각국 정상과 연쇄 양자·다자회담을 갖는다. \n \n 전체 내용보기',0.851943,'suggested','2025-09-24 00:41:26','https://ojsfile.ohmynews.com/BIG_IMG_FILE/2022/0926/IE003054646_BIG.jpg',0,0),(163,20,'경향신문',NULL,'LEFT','[전문]이재명 대통령 “한반도 적대와 대결의 시대 END”···유엔총회 첫 기조연설','https://www.khan.co.kr/article/202509240258001/?utm_source=khan_rss&utm_medium=rss&utm_campaign=politic_news','2025-09-24T02:58:00+09:00','이재명 대통령이 23일(현지시간) 미국 뉴욕 유엔본부 총회장에서 기조연설을 하고 있다. 연합뉴스\n\n이재명 대통령은 23일(현지시간) 유엔총회 기조연설에서 “교류, 관계 정상화, 비핵화를 중심으로 한 포괄적인 대화로 한반도에서의 적대와 대결의 시대를 종식하고 평화공존과 공동 성장의 새 시대를 열어나가야 한다”며 “대한민국은 ‘END 이니셔티브’로 한반도의 냉···',0.85188,'published','2025-09-24 00:44:11','https://img.khan.co.kr/news/2025/09/24/news-p.v1.20250924.90063dcaba18423c9f395f22aa494f96_P1.jpeg',0,0),(164,20,'오마이뉴스',NULL,'LEFT','[전문] 이재명 대통령 제80차 유엔총회 기조연설','https://www.ohmynews.com/NWS_Web/View/at_pg.aspx?CNTN_CD=A0003168204','2025-09-24T07:22:18+09:00','&lt;이재명 대통령이 현지시간 23일 낮 미국 뉴욕 유엔본부에서 열린 제80차 유엔총회 고위급회기에서 기조연설을 했다. 아래는 그 전문이다.&gt; \n \n세계 평화와 공동번영에 기여해 온 모든 유엔 회원국과 \n유엔 직원 여러분께 존경과 감사의 인사를 전합니다. \n \n아날레나 배어복(Annalena Baerbock) 제80차 총회의장의 \n취임을 진심으로 축하하며, \n안토니우 구테레쉬(Antonio Guterres) 사무총장의 \n변함없는 헌신과 노고에 경의를 표합니다. \n \n의장님과 사무총장님의 뛰어난 리더십 아래 \n이번 유엔총회가 더욱 의미 있는 성과를 거둘 수 있길 희망합니다. \n \n의장님, 사무총장님, 그리고 각국 대표 여러분, \n올해는 \'유엔 창설\' 80주년이 되는 뜻깊은 해입니다. \n \n유엔이 걸어온 지난 80년은 인류의 존엄과 가치를 지키고 \n미래세대를 위한 길을 모색해 온 소중한 여정이었습니다. \n \n누군가 유엔이 이룬 성취가 무엇인지 묻는다면, \n\'대한민국의 80년 역사를 바라보라\', \n이렇게 자신 있게 대답하겠습니다. \n \n도전과 응전으로 점철된 대한민국의 역사는, \n인류가 직면한 거대한 도전에 쉼 없이 맞서 온 \n유엔의 역사라고 해도 과언이 아닙니다. \n \n대한민국은 유엔이 설립된 해 식민 지배에서 해방됐고 \n 전체 내용보기',0.851561,'published','2025-09-24 00:43:59','https://ojsfile.ohmynews.com/CRI_T_IMG/2025/0924/A0003168204_T.jpg',0,0),(165,20,'경향신문',NULL,'LEFT','[속보]이 대통령, 유엔본부 도착···7번째로 기조연설','https://www.khan.co.kr/article/202509240053001/?utm_source=khan_rss&utm_medium=rss&utm_campaign=politic_news','2025-09-24T00:53:00+09:00','이재명 대통령이 23일(현지시간) 기조연설을 위해 미국 뉴욕 유엔본부에 도착하고 있다.  연합뉴스\n\n미국 뉴욕을 방문 중인 이재명 대통령이 23일(현지시간) 유엔총회 기조연설을 위해 유엔본부에 도착했다.\n\n이 대통령의 유엔총회 기조연설 순번은 7번째다. 기조연설은 루이스 이나시우 룰라 다시우바 브라질 대통령을 시작으로 도널드 트럼프 대통령에 이어 인도네시아···',0.8483,'suggested','2025-09-24 00:41:26','https://img.khan.co.kr/news/2025/09/24/news-p.v1.20250924.c21da90dfd0f4f28b195999e82a9290c_P1.jpeg',0,0),(166,20,'경향신문',NULL,'LEFT','[속보]이 대통령 “대한민국, 국제사회에 완전히 복귀 선언”···유엔총회 기조연설','https://www.khan.co.kr/article/202509240158001/?utm_source=khan_rss&utm_medium=rss&utm_campaign=politic_news','2025-09-24T01:58:00+09:00','이재명 대통령이 23일(현지시간) 미국 뉴욕 유엔본부 총회장에서 기조연설을 하고 있다. 연합뉴스\n\n이재명 대통령은 23일(현지시간) “세계 평화와 인류 공영의 미래를 논의할 유엔총회에서, 새로운 대한민국이 국제사회에 완전히 복귀했음을 당당하게 선언한다”고 말했다.\n\n방미 중인 이 대통령은 이날 뉴욕 유엔본부에서 열린 유엔총회에 7번째 기조연설자로 등장해 “···',0.847329,'published','2025-09-24 00:44:40','https://img.khan.co.kr/news/2025/09/24/news-p.v1.20250924.c3a0c644ec7f4536a2abc2bbc55a1aa2_P1.jpeg',1,0),(167,20,'오마이뉴스',NULL,'LEFT','일본 미토요시 국제교류방문단, 합천 수해피해 성금기탁','https://www.ohmynews.com/NWS_Web/View/at_pg.aspx?CNTN_CD=A0003168093','2025-09-23T22:11:21+09:00','합천군은 22일 일본 자매도시인 미토요시 국제교류방문단(단장 이나다 사토루 국제교류협의회장)이 방문해 최근 집중호우로 피해를 입은 군민들을 돕기 위해 수해 성금을 기탁했다고 밝혔다. \n \n이번 기탁식은 전날 열린 환영 만찬에 이어 진행되었다. 두 지역은 1996년 자매결연을 맺은 이후 올해로 29년째 교류를 이어오고 있다. \n \n이나다 사토루 회장은 \"합천은 언제나 형제와 같은 도시다. 어려움을 겪는 군민들에게 이번 성금이 작은 힘이 되길 바란다\"고 전했다. \n \n김윤철 합천군수는 \"오랜 교류의 정이 위기 상황에서 더 큰 힘이 된다\"며 깊은 감사를 전하고, \"앞으로도 양 도시가 문화, 체육, 청소년 등 다양한 분야에서 교류 협력을 이어가길 기대한다\"고 말했다.',0.845057,'suggested','2025-09-24 00:41:26','https://ojsfile.ohmynews.com/BIG_IMG_FILE/2025/0923/IE003526743_BIG.jpg',0,0),(168,20,'한겨레',NULL,'LEFT','이 대통령, 뉴욕서 교민 만나 “투표제 확실히 개선하겠다”','https://www.hani.co.kr/arti/politics/bluehouse/1220269.html',NULL,'',0.843473,'published','2025-09-24 00:44:31','https://flexible.img.hani.co.kr/flexible/normal/853/607/imgdb/original/2025/0923/20250923503123.webp',0,0),(171,20,'조선일보',NULL,'RIGHT','李대통령, 美 뉴욕 도착... 유엔총회 참석 일정 시작','https://www.chosun.com/politics/politics_general/2025/09/23/KXXEXET6GFFE3HENBA3DYOGYXM/','Mon, 22 Sep 2025 16:43:44 +0000','',0.860758,'suggested','2025-09-24 00:41:26','https://www.chosun.com/resizer/v2/JKOSJC7YKJD4BOTCKG7D2RP6J4.jpg?auth=960009edc9c8f9df1718fbbab44a8e3c7b8b0391e63cf1cbe1a60630d71009b7&width=1200&height=630&smart=true',0,0),(172,20,'조선일보',NULL,'RIGHT','한·미·일 유엔총회 계기 뉴욕서 외교장관 회의 개최','https://www.chosun.com/politics/diplomacy-defense/2025/09/22/XA2VHLNRQJBJFGX3LABXOBOMYA/','Mon, 22 Sep 2025 00:47:27 +0000','',0.859878,'published','2025-09-24 00:43:47','https://www.chosun.com/resizer/v2/Z5N6YCRROVIDFLP2VRXAP5GNVY.jpg?auth=86aed25f2df423357958d0ec5df9834a1f528e8424792359dbb8272a8bb34e51&width=1200&height=630&smart=true',0,0),(174,20,'조선일보',NULL,'RIGHT','李 대통령, 유엔총회 참석차 美 출국','https://www.chosun.com/politics/politics_general/2025/09/22/RLHJEG5DJZHUTH72QWOTTGY3DM/','Mon, 22 Sep 2025 02:21:37 +0000','',0.853975,'published','2025-09-24 00:45:51','https://www.chosun.com/resizer/v2/QDLCGVXJFFI6HLA3KNSL42BVWA.jpg?auth=5161772f174fd83c04727f51ce910106845d6698aa6d780f96d119a0772200f0&width=1200&height=630&smart=true',1,0),(177,20,'동아일보',NULL,'RIGHT','李대통령, 美 유엔본부 도착…곧 ‘민주주의 복원·한반도 평화’ 기조연설','https://www.donga.com/news/Politics/article/all/20250924/132451392/1','Wed, 24 Sep 2025 01:03:40 +0900','제80회 유엔총회 참석차 미국을 방문 중인 이재명 대통령이 23일(현지시간) 오전 11시35분께 뉴욕 유엔본부에 도착했다. 이 대통령은 193개국 정상 중 일곱번째 기조연설자로 연단에 오른다. 전 세계 정상이 모이는 자리인 만큼 각국 정부가 대외 정책을 천명하는 자리가 될 전망이다. 이 대통령은 기조연설을 통해 ‘민주주의 대한민국의 복귀’를 국제사회에 선언하고, 한반도 정책 등 우리 정부의 외교 비전을 제시할 것으로 예상된다. 인류 평화와 번영을 이뤄나가기 위한 한국의 기여 방안에 대해서도 설명할 것으로 보인다. 이 대통령은 오후에는 안토니우 구테흐스 유엔 사무총장과 면담을 갖고 글로벌 현안 대응에 있어 유엔 중심의 다자주의 강화 방안을 논의하고, 대화와 협력을 통한 한반도 평화 정착을 위해 사무총장의 지지도 당부할 예정이다. 미국 조야 오피니언 리더들과 만찬을 갖고 한미 관계 발전 방향에 대한 의견도 나눌 계획이다.[뉴욕=뉴시스]',0.846749,'published','2025-09-24 00:45:51','https://dimg.donga.com/wps/NEWS/IMAGE/2025/09/24/132451393.1.jpg',0,0),(178,20,'조선일보',NULL,'RIGHT','유엔총회 연단 선 李 “새 대한민국, 국제사회에 완전히 복귀”','https://www.chosun.com/economy/economy_general/2025/09/24/U3UKVZEFDC5XKOUWK2ZEDHKIQI/','Tue, 23 Sep 2025 17:13:17 +0000','이재명 대통령이 23일(현지시각) 제80차 유엔총회 기조연설에서 “친위 쿠데타로도 민주주의와 평화를 염원하는 대한국민의 강렬한 의지를 꺾을 수 없었다”면서 “세계 시민의 등불이 될 새로운 대한민국이 국제사회에 완전히 복귀했음을 당당히 선언한다”고 했다. 이 대통령은 이날 오전 ‘더 나은 함께: 평화, 개발, 인권을 위한 80년과 그 너머’라는 주제로 미국',0.846207,'published','2025-09-24 00:45:35','https://www.chosun.com/resizer/v2/XHKKIUS6YUOFONGCZAIQWZVTIE.jpg?auth=f24d42e3ca2538dad6f3c36bb4b591575a1e13a77f0ae4627449379f08d6c9dd&width=1200&height=630&smart=true',0,0),(180,20,'조선일보',NULL,'RIGHT','중·러 위협에… 대만·유럽국가 징병제로 회귀','https://www.chosun.com/politics/diplomacy-defense/2025/09/23/YHCMDKVT2ZDJLDBR2WMKREAIMY/','Mon, 22 Sep 2025 15:55:00 +0000','',0.844761,'suggested','2025-09-24 00:41:26','https://www.chosun.com/resizer/v2/DRAR2FHQ7VLZRJBVBYE2J5PYJM.JPG?auth=f5b87d395af79dfa180d53a70832fdc4714ca93aed32f9c013b17188660a9777&width=1200&height=630&smart=true',0,0),(181,18,'경향신문','khan.co.kr','LEFT','정청래 “대통령도 갈아치우는 마당에 대법원장이 뭐라고?”···조희대 압박 지속','https://www.khan.co.kr/article/202509240820001/?utm_source=khan_rss&utm_medium=rss&utm_campaign=politic_news','2025-09-24T08:20:00+09:00','정청래 더불어민주당 대표가 22일 국회에서 열린 최고위원회의에서 발언하고 있다. 박민규 선임기자\n\n정청래 더불어민주당 대표가 조희대 대법원장을 겨냥해 “대통령도 갈아치(우)는 마당에 대법원장이 뭐라고”라고 했다. 민주당이 주도한 조 대법원장 청문회가 당 지도부와 사전 협의 없이 추진됐다는 논란이 일자 정 대표가 재차 조 대법원장을 압박하는 발언을 내놓은 것···',0.865347,'published','2025-09-24 06:47:53','https://img.khan.co.kr/news/2025/09/24/news-p.v1.20250924.ef757ae845a941db936b6451881272ae_P1.jpeg',1,1),(182,18,'한겨레','hani.co.kr','LEFT','정청래, 또…“대법원장이 뭐라고? 청문회 나와라”','https://www.hani.co.kr/arti/politics/politics_general/1220400.html',NULL,'',0.858494,'published','2025-09-24 06:47:53','https://flexible.img.hani.co.kr/flexible/normal/970/582/imgdb/child/2025/0924/53_17586799073701_20250924501590.webp',0,0),(187,18,'오마이뉴스','ohmynews.com','LEFT','[오마이포토] \"조희대 사퇴하라\" 법원 앞 1인시위 이틀째','https://www.ohmynews.com/NWS_Web/View/at_pg.aspx?CNTN_CD=A0003168380','2025-09-24T13:42:25+09:00','\"사법부 불신의 이유를 법원 스스로 되돌아보지 않는다면, 시민들이 나설 수밖에 없다. 1인시위가 부산을 시작으로 전국으로 확산했으면 한다.\"  \n \n부산시 연제구 거제동 부산법원종합청사 앞에서 이틀째 \'조희대 사법부 규탄\' 릴레이 1인시위가 펼쳐지는 중이다. 23일에 이어 24일 낮 법원 정문 앞에 다시 사법개혁을 촉구하는 손팻말이 등장했다. \n \n이날 1인시위 주자는 원준배 부산을바꾸는시민의힘 민들레 공동대표가 맡았다. 원 대표는 \"최근 상황을 보면 정치개혁·언론개혁도 중요하지만, 사법개혁부터 먼저라는 생각이 든다. 답답한 마음에 무엇이라도 해야겠다고 생각해 이렇게 법원으로 나왔다\"라고 말했다. \n \n그는 \'희대의 대선개입 파기환송 부끄럽다. 양심있는 판사라면 사법 개혁 앞장서라\', \'희대의 파기환송 내란범 석방 지귀연, 정치개입 내란동조 조희대는 사퇴하라\"라고 적힌 손팻말을 바꿔 들며 결단을 요구했다. \n \n 전체 내용보기',0.837687,'published','2025-09-24 06:47:22','https://ojsfile.ohmynews.com/BIG_IMG_FILE/2025/0924/IE003527129_BIG.jpg',0,2),(189,18,'한겨레','hani.co.kr','LEFT','경찰 ‘조희대-한덕수 회동설’ 수사 착수…서울청 공공범죄수사대 배당','https://www.hani.co.kr/arti/society/society_general/1220321.html',NULL,'',0.834448,'published','2025-09-24 06:47:22','https://flexible.img.hani.co.kr/flexible/normal/970/582/imgdb/child/2025/0923/53_17586209376059_20250922503075.webp',0,3),(190,18,'한겨레','hani.co.kr','LEFT','추미애 주도 ‘조희대 청문회’ 의결, 민주 지도부도 ‘패싱’했다','https://www.hani.co.kr/arti/politics/assembly/1220320.html',NULL,'',0.833988,'published','2025-09-24 06:47:22','https://flexible.img.hani.co.kr/flexible/normal/970/582/imgdb/child/2025/0923/53_17586205139861_20250923503730.webp',0,4),(191,18,'조선일보','chosun.com','RIGHT','‘조희대 청문회 강행’ 비판에 정청래 “대법원장이 뭐라고 호들갑”','https://www.chosun.com/economy/economy_general/2025/09/24/N3JDDIYUBANTJE63W26C523EAE/','Wed, 24 Sep 2025 01:12:27 +0000','정청래 더불어민주당 대표는 24일 30일 ‘조희대 대법원장 대선 개입 청문회’ 강행에 야당이 ‘삼권분립 사망일’이라고 비판한 데 대해 “대법원장이 뭐라고 이렇게 호들갑인가”라면서 청문회 추진 의사를 분명히 했다. 민주당 법사위원들에게는 “열심히 해달라”고 당부했다. 추미애 법사위원장 등이 당 지도부와 사전 협의 없이 청문회를 밀어붙였다는 지적이 나오자 직접',0.871387,'published','2025-09-24 06:50:27','https://www.chosun.com/resizer/v2/7WFXIWKPYU2BZALONX64IDHC6E.jpg?auth=424203f595e0fcef2f4bb10ccc910bed214aa01d49d28ff77a6c07010728d16a&width=1200&height=630&smart=true',0,1),(192,18,'조선일보','chosun.com','RIGHT','정청래도 못 막은 추미애… 조희대 청문회 강행','https://www.chosun.com/politics/politics_general/2025/09/24/2MFWV6CQPNCFTPVTSAVXWRP5LA/','Tue, 23 Sep 2025 15:55:00 +0000','',0.857327,'published','2025-09-24 06:50:27','https://www.chosun.com/resizer/v2/E5Y5K5VKKPHJLYVVU24TGQT6BI.jpg?auth=975dd3513000757d786dc423006d83f5738658237fedd629dc370f72a2db2e57&width=1200&height=630&smart=true',0,0),(194,18,'조선일보','chosun.com','RIGHT','민주당, 조희대 대법원장 청문회 30일 연다','https://www.chosun.com/politics/assembly/2025/09/22/RRJG3QOUINBMPOFG7B4S6ZYQS4/','Mon, 22 Sep 2025 09:00:59 +0000','',0.850948,'published','2025-09-24 06:47:32','https://www.chosun.com/resizer/v2/GLMFWWC2DBBA7BJH3DBP3OSXRA.JPG?auth=48605c6d22e2dfae3fe39cbf242cf243b7a4b09fca940e0ba80eb960eefffac9&width=1200&height=630&focal=1895,743',1,3),(198,18,'동아일보','donga.com','RIGHT','李대통령-정청래 사흘 간격 부산행 … ‘어게인 2018’ 지방선거 공략','https://www.donga.com/news/Politics/article/all/20250923/132448334/1','Tue, 23 Sep 2025 23:27:00 +0900','여야가 내년 6·3 지방선거를 8개월여 앞두고 격전지로 꼽히는 부산에 공을 들이고 있다. 이재명 대통령이 7월 25일 부산에서 타운홀 미팅을 열고 이달 20일 부산국제영화제 등에 참석한 데 이어 더불어민주당 정청래 대표가 23일 부산을 방문한 것. 국민의힘도 장동혁 대표가 취임 후 첫 현장 최고위원회의를 부산에서 열고 해양수산부의 온전한 이전과 한국산업은행 이전까지 추진하겠다며 수성에 나섰다. 민주당에선 이날 박주민 의원이 서울시장 선거, 김병주 의원이 경기도지사 선거 출마를 공식화하는 등 지방선거 후보자들의 출사표가 본격화되고 있다.● 부산서 ‘어게인 2018’ 노리는 與정 대표는 23일 부산 동구 부산시당에서 부울경 현장 예산정책협의회를 열고 교통망 확충 등 지역 숙원 사업을 적극 추진하겠다고 밝혔다. 정 대표는 “부울경 30분 시대를 위해 모든 역량을 다하겠다”며 “부산은 가덕도 신공항이 1순위 과제인데 내년 예산 6889억 원이 반영돼 있다. 차질없이 진행되리라고 본다”고 했',0.835713,'published','2025-09-24 06:47:30','https://dimg.donga.com/wps/NEWS/IMAGE/2025/09/23/132446232.1.jpg',0,2),(199,18,'조선일보','chosun.com','RIGHT','음모론 퍼트린 與, 조희대 청문회 강행','https://www.chosun.com/politics/assembly/2025/09/23/DO2UCIG6HJCWNDOWS4CC3OXETM/','Mon, 22 Sep 2025 15:55:00 +0000','',0.835312,'published','2025-09-24 06:47:22','https://www.chosun.com/resizer/v2/RW6EUMQSV5JIJK6BQTCVYBCXMA.JPG?auth=2367fd29aa99903c3a7cf36dc7afb92115aefd7bfc58b1f61c8d27b47addd8f5&width=1200&height=630&smart=true',0,4),(201,19,'경향신문','khan.co.kr','LEFT','정청래 “대통령도 갈아치우는 마당에 대법원장이 뭐라고?”···조희대 압박 지속','https://www.khan.co.kr/article/202509240820001/?utm_source=khan_rss&utm_medium=rss&utm_campaign=politic_news','2025-09-24T08:20:00+09:00','정청래 더불어민주당 대표가 22일 국회에서 열린 최고위원회의에서 발언하고 있다. 박민규 선임기자\n\n정청래 더불어민주당 대표가 조희대 대법원장을 겨냥해 “대통령도 갈아치(우)는 마당에 대법원장이 뭐라고”라고 했다. 민주당이 주도한 조 대법원장 청문회가 당 지도부와 사전 협의 없이 추진됐다는 논란이 일자 정 대표가 재차 조 대법원장을 압박하는 발언을 내놓은 것···',0.86288,'published','2025-09-24 06:15:26','https://img.khan.co.kr/news/2025/09/24/news-p.v1.20250924.ef757ae845a941db936b6451881272ae_P1.jpeg',0,0),(202,19,'경향신문','khan.co.kr','LEFT','추미애 법사위 ‘정청래·김병기 패싱’ 논란에…“지방선거 앞두고 선명성 경쟁하나”','https://www.khan.co.kr/article/202509231744001/?utm_source=khan_rss&utm_medium=rss&utm_campaign=politic_news','2025-09-23T17:44:00+09:00','지난 22일 국회 법사위 검찰개혁 입법청문회에서 여야 의원들이 추미애 위원장석 앞에서 충돌하고 있다. 박민규 선임기자\n\n국회 법제사법위원회 소속 더불어민주당 의원들이 법사위에서 조희대 대법원장 청문회 개최를 의결하면서 사전에 당 지도부와 협의를 거치지 않은 것으로 나타났다. 정청래 대표는 추미애 법사위원장에게 앞으로는 상의해달라는 취지의 의견을 전한 것으로···',0.854779,'published','2025-09-24 06:15:45','https://img.khan.co.kr/news/2025/09/23/news-p.v1.20250922.048dee143fa448d18b6226e7577d5a04_P1.jpeg',0,0),(204,19,'경향신문','khan.co.kr','LEFT','추미애 대 나경원? 오세훈 대항마는 누구?···8개월 앞 지방선거에 여야 들썩','https://www.khan.co.kr/article/202509240600101/?utm_source=khan_rss&utm_medium=rss&utm_campaign=politic_news','2025-09-24T06:00:10+09:00','서울·경기·부산시장 자리 두고 여야 들썩 \n출마 후보군 사이 물밑 경쟁 치열 \n서울·부산 탈환 노리는 민주당 \n오세훈 상대 두고 고심\n\n23일 부산 동구 민주당 부산시당에서 열린 부울경 예산정책협의회에서 정청래 대표를 비롯한 지도부가 부울경 지역위원장들과 파이팅을 외치고 있다. 연합뉴스\n\n8개월 앞으로 다가온 6·3 전국동시지방선거에 여야가 이···',0.851977,'suggested','2025-09-24 06:14:45','https://img.khan.co.kr/news/2025/09/24/rcv.YNA.20250923.PYH2025092305380005100_P1.jpg',0,0),(205,19,'한겨레','hani.co.kr','LEFT','추미애 주도 ‘조희대 청문회’ 의결, 민주 지도부도 ‘패싱’했다','https://www.hani.co.kr/arti/politics/assembly/1220320.html',NULL,'',0.850958,'published','2025-09-24 06:15:10','https://flexible.img.hani.co.kr/flexible/normal/970/582/imgdb/child/2025/0923/53_17586205139861_20250923503730.webp',0,0),(207,19,'한겨레','hani.co.kr','LEFT','정청래 “대통령도 갈아치우는 마당에 대법원장이 뭐라고?”','https://www.hani.co.kr/arti/politics/politics_general/1220364.html',NULL,'',0.847857,'published','2025-09-24 06:15:43','https://flexible.img.hani.co.kr/flexible/normal/970/691/imgdb/original/2025/0924/9517586778043804.webp',1,0),(208,19,'한겨레','hani.co.kr','LEFT','추미애 “세종대왕 끌어 쓴 조희대, 윤석열한테 일갈하지 그랬나”','https://www.hani.co.kr/arti/politics/politics_general/1220410.html',NULL,'',0.846873,'published','2025-09-24 06:15:18','https://flexible.img.hani.co.kr/flexible/normal/614/368/imgdb/child/2025/0924/53_17586816966637_20250924501845.webp',0,0),(210,19,'오마이뉴스','ohmynews.com','LEFT','[오마이포토] \"조희대 사퇴하라\" 법원 앞 1인시위 이틀째','https://www.ohmynews.com/NWS_Web/View/at_pg.aspx?CNTN_CD=A0003168380','2025-09-24T13:42:25+09:00','\"사법부 불신의 이유를 법원 스스로 되돌아보지 않는다면, 시민들이 나설 수밖에 없다. 1인시위가 부산을 시작으로 전국으로 확산했으면 한다.\"  \n \n부산시 연제구 거제동 부산법원종합청사 앞에서 이틀째 \'조희대 사법부 규탄\' 릴레이 1인시위가 펼쳐지는 중이다. 23일에 이어 24일 낮 법원 정문 앞에 다시 사법개혁을 촉구하는 손팻말이 등장했다. \n \n이날 1인시위 주자는 원준배 부산을바꾸는시민의힘 민들레 공동대표가 맡았다. 원 대표는 \"최근 상황을 보면 정치개혁·언론개혁도 중요하지만, 사법개혁부터 먼저라는 생각이 든다. 답답한 마음에 무엇이라도 해야겠다고 생각해 이렇게 법원으로 나왔다\"라고 말했다. \n \n그는 \'희대의 대선개입 파기환송 부끄럽다. 양심있는 판사라면 사법 개혁 앞장서라\', \'희대의 파기환송 내란범 석방 지귀연, 정치개입 내란동조 조희대는 사퇴하라\"라고 적힌 손팻말을 바꿔 들며 결단을 요구했다. \n \n 전체 내용보기',0.840926,'suggested','2025-09-24 06:14:45','https://ojsfile.ohmynews.com/BIG_IMG_FILE/2025/0924/IE003527129_BIG.jpg',0,0),(211,19,'조선일보','chosun.com','RIGHT','정청래도 못 막은 추미애… 조희대 청문회 강행','https://www.chosun.com/politics/politics_general/2025/09/24/2MFWV6CQPNCFTPVTSAVXWRP5LA/','Tue, 23 Sep 2025 15:55:00 +0000','',0.870944,'published','2025-09-24 06:16:15','https://www.chosun.com/resizer/v2/E5Y5K5VKKPHJLYVVU24TGQT6BI.jpg?auth=975dd3513000757d786dc423006d83f5738658237fedd629dc370f72a2db2e57&width=1200&height=630&smart=true',0,0),(212,19,'조선일보','chosun.com','RIGHT','‘조희대 청문회 강행’ 비판에 정청래 “대법원장이 뭐라고 호들갑”','https://www.chosun.com/economy/economy_general/2025/09/24/N3JDDIYUBANTJE63W26C523EAE/','Wed, 24 Sep 2025 01:12:27 +0000','정청래 더불어민주당 대표는 24일 30일 ‘조희대 대법원장 대선 개입 청문회’ 강행에 야당이 ‘삼권분립 사망일’이라고 비판한 데 대해 “대법원장이 뭐라고 이렇게 호들갑인가”라면서 청문회 추진 의사를 분명히 했다. 민주당 법사위원들에게는 “열심히 해달라”고 당부했다. 추미애 법사위원장 등이 당 지도부와 사전 협의 없이 청문회를 밀어붙였다는 지적이 나오자 직접',0.865956,'published','2025-09-24 06:15:57','https://www.chosun.com/resizer/v2/7WFXIWKPYU2BZALONX64IDHC6E.jpg?auth=424203f595e0fcef2f4bb10ccc910bed214aa01d49d28ff77a6c07010728d16a&width=1200&height=630&smart=true',1,0),(213,19,'조선일보','chosun.com','RIGHT','민주당, 조희대 대법원장 청문회 30일 연다','https://www.chosun.com/politics/assembly/2025/09/22/RRJG3QOUINBMPOFG7B4S6ZYQS4/','Mon, 22 Sep 2025 09:00:59 +0000','',0.849303,'published','2025-09-24 06:15:54','https://www.chosun.com/resizer/v2/GLMFWWC2DBBA7BJH3DBP3OSXRA.JPG?auth=48605c6d22e2dfae3fe39cbf242cf243b7a4b09fca940e0ba80eb960eefffac9&width=1200&height=630&focal=1895,743',0,0),(214,19,'조선일보','chosun.com','RIGHT','정청래 “대통령도 갈아치우는 마당에 대법원장이 뭐라고”','https://www.chosun.com/politics/assembly/2025/09/24/IPLEAPTQ4VE7PKQ4GLFTUI7QLQ/','Tue, 23 Sep 2025 23:19:18 +0000','',0.849123,'published','2025-09-24 06:16:14','https://www.chosun.com/resizer/v2/QNAFR7OB3NLPVCO4QW6Q4TFUBQ.JPG?auth=09eeca05cbdf3a2f3b8a121e1d416a6a444c3fd314a89e6154503ad325099209&width=1200&height=630&smart=true',0,0),(215,19,'조선일보','chosun.com','RIGHT','정청래 “얻다 대고 삼권분립 사망 운운하냐…추미애 계속 열심히 하라”','https://www.chosun.com/politics/assembly/2025/09/24/FXTGXEHGUNE5VOVSAPX2MTQTSM/','Wed, 24 Sep 2025 00:58:46 +0000','',0.847378,'suggested','2025-09-24 06:14:45','https://www.chosun.com/resizer/v2/ZWFDUQJQYNLFTFY2NCHQFCKJ4Y.jpg?auth=82d97685647cf8fd9081969487b825d716a198fcdd436f09664aaf0ccdb5b84d&width=1200&height=630&smart=true',0,0),(218,19,'중앙일보','joongang.co.kr','RIGHT','폭주하는 \'추미애 법사위\'…조희대 청문회 이어 \'탄핵\' 꺼냈다 - 중앙일보','https://news.google.com/rss/articles/CBMiVkFVX3lxTE1kVjJkZ1hzWnBDZHF3VVNPMUtSYU5LMHNENEVPX0xZY3p2dEliUEZZenFJcVhUdEdrQmo2U1VYOWt0NzExYS1tV1AzRWI4dXBndV93LTNB?oc=5','Tue, 23 Sep 2025 20:00:04 GMT','폭주하는 \'추미애 법사위\'…조희대 청문회 이어 \'탄핵\' 꺼냈다 &nbsp;&nbsp; 중앙일보',0.839656,'published','2025-09-24 06:15:50','https://lh3.googleusercontent.com/J6_coFbogxhRI9iM864NL_liGXvsQp2AupsKei7z0cNNfDvGUmWUy20nuUhkREQyrpY4bEeIBuc=s0-w300-rw',0,0),(220,19,'중앙일보','joongang.co.kr','RIGHT','통제불능 추미애…與 \"조희대 청문회, 지도부와 상의없이 의결\" - 중앙일보','https://news.google.com/rss/articles/CBMiVkFVX3lxTE5pa3dVejAtcGtLMXFtNm1heTBZNEVvMDB6ekcyd3B6M2hCSWZ6QjFoTDF0bnRMTS1kMEYzVmRndlJIRFJyM0g4M25uRkh3akV2QzNoMUdn?oc=5','Tue, 23 Sep 2025 03:36:21 GMT','통제불능 추미애…與 \"조희대 청문회, 지도부와 상의없이 의결\" &nbsp;&nbsp; 중앙일보',0.838696,'published','2025-09-24 06:16:21','https://lh3.googleusercontent.com/J6_coFbogxhRI9iM864NL_liGXvsQp2AupsKei7z0cNNfDvGUmWUy20nuUhkREQyrpY4bEeIBuc=s0-w300-rw',0,0),(265,12,'한겨레','hani.co.kr','LEFT','남북관계 경색에 ‘END’…돌파구 찾기 고육책','https://www.hani.co.kr/arti/politics/bluehouse/1220573.html',NULL,'',0.846266,'published','2025-09-25 01:19:23','https://flexible.img.hani.co.kr/flexible/normal/970/1058/imgdb/child/2025/0924/17587220287811_4117587220039092.webp',1,0),(266,12,'오마이뉴스','ohmynews.com','LEFT','죽음의 문턱에서 \'붕당\'을 경고한 인물','https://www.ohmynews.com/NWS_Web/View/at_pg.aspx?CNTN_CD=A0003167370','2025-09-24T15:59:27+09:00','조선 중기, 영남학파의 물줄기는 크게 남명학파와 퇴계학파 두 갈래로 나뉘었다. 그 수장이자 거목인 남명 조식과 퇴계 이황은 동갑내기지만, 서로 성정은 딴판이었으며 가는 길도 달랐다. \n \n그러나 그들과 두루 친분을 유지하며 시대를 조율했던 한 인물이 있었다. 동고(東皐) 이준경(李浚慶: 1499~1572년)이다. 청백리 이준경, 그는 조선 사림이 둘로 갈라지는 붕당(朋黨)을 예언했던 인물이다. 죽기 전에 선조 임금에게 유차(遺箚: 간소한 유언 상소)를 올려 당파싸움에 관한 문제를 거론했다. \n \n \"반드시 붕당(朋黨)이 생길 것이니 이를 깨뜨리지 않으면 끝내는 국가의 환란이 될 것입니다.\"  \n \n죽음의 문턱에서도 국가를 위해 마지막 충언을 했던 것이다. 이 발언은 당시 주위에 사람이 많이 몰려들던 율곡 이이를 겨냥한 것으로 전해졌다. 당시 홍문관 응교 이이가 발끈하여 반박 상소를 올렸다. \n \n \"대신들이 사당(私黨)을 결성한 사실을 알았다면 어찌 정승으로 있으면서 미리 명백하게 진술해서 그 길을 끊어버리지 않고, 죽음에 이르러서야 감히 말을 꺼낸단 말입니까. 또 어째서 누가 붕당을 맺었다고 분명히 말하지 않고 얼버무림으로써 전하로 하여금 모든 군신을 다 의심하게 한단 말입니까.\" \n(선조수정실록, 1572년 7월 1일) \n \n       \n \n이준경의 경고는 당시 조정에서 큰 파문을 일으켰지만, 흐지부지 되었고 이내 잊혀졌다. 그러나 그로부터 3년 뒤인 1575년 사림은 거짓말처럼 동인과 서인으로 분열하고 말았다. 역사에서는 이를 을해붕당(乙亥朋黨)이라 부른다. 조선 당쟁의 시작이었다. \n \n 동서분당은 관리 인사추천권을 가진 이조전랑 자리를 둘러싼 김효원과 심효원의 알력에서 비롯됐다. 김효원의 집이 한양 동쪽 건천방에 있었기에 동인, 심의겸의 집은 한양 서쪽인 정릉동에 있었기에 서인으로 불렸다. - &lt;\'당쟁사 이야기\'&gt;(이성무 저, 아름다운날 출판) \n \n이 분열은 결국 조정의 무능과 혼란으로 이어졌다. 임진왜란 직전인 1591년, 일본 정세를 살피기 위해 파견된 통신사의 보고에서 극명히 엇갈렸다. 정사(正使)인 서인 황윤길은 도요토미 히데요시를 \'눈이 반짝이고 지력이 있는 인물\'이라 평가한 반면, 부사(副使)인 동인 김성일은 \'눈이 꼭 쥐 눈과 같다\'며 경시했다. \n \n당시 정국을 주도한 동인들은 김성일의 말에 따라 대비책을 소홀히 했고, 1년 뒤 조선은 임진왜란이라는 참혹한 현실과 마주해야 했다. 역사에 \'가정\'은 없다. 그러나 문득 묻지 않을 수 없다. 만약 조선 조정이 동고 이준경의 유언에 조금이라도 귀를 기울였다면, 붕당은 생기지 않았을까? 한마음으로 전쟁을 준비할 수 있었을까? \n \n       \n \n역사가들은 이준경의 가장 뛰어난 업적으로 명종의 죽음과 선조의 즉위 과정을 별 탈 없이 해결한 과단성을 꼽는다. \n \n명종이 후사없이 세상을 떠나면서 자칫 큰 혼란이 일어날 뻔했던 시기였다. 퇴계 이황조차 \"온 나라가 어려울 적에 나라 형세를 태산같이 편하게 하였다\"며 이준경을 높게 평가했다. 사정은 이랬다. \n \n1567년(명종 22년) 조선 13대 임금 명종이 세상을 떠나자 조정은 한바탕 소용돌이에 휘말렸다. 왕위를 승계할 자가 없었던 것이다. 명종은 정비(인순왕후)와 후궁을 여럿 두었지만, 대를 이을 자식인 순회세자가 열두 살 나이에 일찍 죽었다. \n 전체 내용보기',0.840774,'suggested','2025-09-25 01:18:31','https://ojsfile.ohmynews.com/CT_T_IMG/2025/0921/IE003525597_LT.jpg',0,0),(267,12,'경향신문','khan.co.kr','LEFT','교류·관계 정상화·비핵화 ‘동시 추진’…남북 ‘선순환’ 만든다','https://www.khan.co.kr/article/202509242141015/?utm_source=khan_rss&utm_medium=rss&utm_campaign=politic_news','2025-09-24T21:41:01+09:00','이 대통령 ‘END 이니셔티브’\n\n기조연설하는 이 대통령 이재명 대통령이 23일(현지시간) 미국 뉴욕 유엔본부 총회장에서 기조연설을 하고 있다. 신화연합뉴스\n\n“교류·협력이 평화의 지름길”  \n세 요소, 선후 없이 상호 추동  \n비핵화 3단계 목표도 재확인 \n“국제사회 힘 모아달라” 요청\n\n이재명 대통령이 23일(현지시간) 미국 뉴욕 유엔총···',0.840412,'suggested','2025-09-25 01:18:31','https://img.khan.co.kr/news/2025/09/24/l_2025092501000776800077931.jpg',0,0),(268,12,'경향신문','khan.co.kr','LEFT','로이터 “트럼프, 경주 APEC 참석 앞서 일본 방문 타진”','https://www.khan.co.kr/article/202509250813001/?utm_source=khan_rss&utm_medium=rss&utm_campaign=politic_news','2025-09-25T08:13:00+09:00','이재명 대통령이 지난달 25일(현지시간) 미국 워싱턴DC 백악관에서 열린 한미정상회담에서 트럼프 미국 대통령의 발언을 듣고 있다. 김창길 기자\n\n도널드 트럼프 미국 대통령이 10월 한국 경주에서 열리는 아시아태평양경제협력체(APEC) 정상회의 참석 전 일본을 방문하기 위해 일정을 조율 중인 것으로 알려졌다.\n\n로이터 통신은 24일(현지시간) “트럼프 대통령···',0.84032,'published','2025-09-25 01:19:25','https://img.khan.co.kr/news/2025/09/25/news-p.v1.20250828.9e96fe68821144aa9187c8f5e01a93ee_P1.jpeg',0,5),(269,12,'오마이뉴스','ohmynews.com','LEFT','\"너, 모가지야\" 영화 대사처럼... 서울시의 \'어쩔 수 없다\'가 자른 것','https://www.ohmynews.com/NWS_Web/View/at_pg.aspx?CNTN_CD=A0003168555','2025-09-25T09:45:05+09:00','\"너, 모가지야.\"  \n \n최근 개봉한 영화 &lt;어쩔수가없다&gt;에서 주인공은 정리해고를 통보하는 대표에게 이렇게 말한다. \n \n \"해고는 도끼로 사람 모가지를 댕강 자르는 짓 아니겠냐.\"  \n \n이 대사를 보고 나도 모르게 가슴이 철렁 내려앉았다. \n \n 전체 내용보기',0.839914,'suggested','2025-09-25 01:18:31','https://ojsfile.ohmynews.com/BIG_IMG_FILE/2025/0925/IE003527532_BIG.jpg',0,0),(270,12,'오마이뉴스','ohmynews.com','LEFT','협동조합 투명성이 만드는 선순환','https://www.ohmynews.com/NWS_Web/View/at_pg.aspx?CNTN_CD=A0003168447','2025-09-24T16:14:23+09:00','15번째 시간은 표준정관의 제59조 운영의 공개입니다. 구체적인 내용은 다음과 같습니다. \n \n 제59조(운영의 공개) ① 조합은 결산결과의 공고 등 운영사항을 적극 공개하여야 한다.(法)  \n ② 조합은 정관·규약·규정과 총회·이사회의 의사록, 회계장부 및 조합원 명부를 주된 사무소에 비치하여야 한다.(法)  \n ③ 결산보고서는 정기총회 7일 전까지 주된 사무소에 비치하여야 한다.  \n ④ 조합원과 조합의 채권자는 제2항 및 제3항의 서류의 열람 또는 그 사본을 청구할 수 있다.(法)  \n ⑤ 조합은 제4항의 청구가 있을 때에는 정당한 이유 없이 이를 거부하지 못한다.  \n ⑥ 조합은 조합원수가 200인 이상이거나 정기총회의 승인을 받은 직전 사업연도의 결산보고서에 적힌 출자금 납입 총액이 30억 원 이상일 경우, 우선출자를 발행할 경우 결산일로부터 4개월 이내에 기획재정부장관이 지정하는 인터넷 사이트에 다음 각 호의 자료를 게재하여야 한다.(法)  \n 1. 정관, 규약, 규정  \n 2. 사업결산 보고서  \n 3. 총회, 대의원총회, 이사회의 활동 상황  \n 4. 사업결과 보고서  \n \n 적극적 공개 의무, 조합의 책임  \n \n제59조 제1항에서 규정한 \"적극적 공개\"는 단순히 요청이 있을 때만 정보를 제공하는 소극적 자세를 넘어서, 조합이 스스로 나서서 운영 현황을 공개해야 한다는 의미입니다. 특히 결산결과의 공고는 조합원들이 조합의 경영 상태를 파악할 수 있는 가장 중요한 정보 중 하나입니다. \n \n제2항과 제3항은 조합이 반드시 사무소에 비치해야 하는 서류들을 구체적으로 명시하고 있습니다. 정관, 규약, 규정은 조합 운영의 근본 원칙을 담고 있으며, 총회와 이사회 의사록은 의사결정 과정의 투명성을 보여줍니다. 회계장부는 재정 운영의 투명성을, 조합원 명부는 조합의 구성 현황을 확인할 수 있게 해줍니다. 또한 결산보고서를 정기총회 7일 전까지 비치하도록 한 것은 조합원들이 총회에서 결산을 승인하기 전에 충분한 검토 시간을 갖도록 배려한 것입니다. \n \n 전체 내용보기',0.839041,'suggested','2025-09-25 01:18:31','https://ojsimg.ohmynews.com/sns/ohmynews_og.png',0,0),(271,12,'조선일보','chosun.com','RIGHT','李대통령, 안보리 ‘AI 공개토의’ 주재... 한국 정상 중 최초','https://www.chosun.com/politics/politics_general/2025/09/25/TEMGXUCGPRGYTPA7A46K6XGCEE/','Wed, 24 Sep 2025 19:42:07 +0000','',0.847484,'suggested','2025-09-25 01:18:31','https://www.chosun.com/resizer/v2/SHKI2UZAFBGZHEFTOEOK7TOJKU.gif?auth=4637bbf4a2797c977e1dae3a25c1127c9aad26060a3d314a636713906d3c2075&width=1024&height=537&smart=true',0,0),(272,12,'동아일보','donga.com','RIGHT','先後 없다는 END… 멀어지는 비핵화','https://www.donga.com/news/Politics/article/all/20250925/132459755/2','Thu, 25 Sep 2025 03:00:00 +0900','위성락 국가안보실장이 23일(현지 시간) 이재명 대통령이 유엔총회 기조연설에서 제시한 ‘엔드(E.N.D) 이니셔티브’와 관련해 “남북 대화, 미-북 대화를 통해 교류(Exchange)·관계 정상화(Normalization)·비핵화(Denuclearization) 세 요소를 서로 추동하는 구조로 추진할 것”이라고 말했다. 북-미 관계가 비핵화의 동력이 될 수 있도록 북핵 폐기가 완료되기 전에도 북-미 수교 등 관계 정상화를 받아들일 수 있다는 취지다.위 실장은 이날 미국 뉴욕에서 마련된 프레스센터에서 기자간담회를 갖고 “세 요소 간 우선순위나 선후관계가 있는 것이 아니다”며 이같이 말했다. 미국이 비핵화 합의 없이 북한과 외교관계 수립 등 관계 정상화에 나서는 방식을 받아들일 수 있다는 얘기다. 김정은 북한 국무위원장이 비핵화를 의제에서 제외하면 도널드 트럼프 미국 대통령과 “마주 서지 못할 이유가 없다”고 밝힌 만큼 비핵화가 빠진 북-미 대화에 대해서도 한국이 지지할 수 있다는 것.',0.843639,'suggested','2025-09-25 01:18:31','https://dimg.donga.com/wps/NEWS/IMAGE/2025/09/25/132460045.1.jpg',0,0),(273,12,'동아일보','donga.com','RIGHT','‘K방산 新수도’로 뜨는 구미… 세계 15개국 무관단 총집결','https://www.donga.com/news/Society/article/all/20250924/132459175/2','Thu, 25 Sep 2025 03:00:00 +0900','경북 구미시에서 방위산업 관련 국제행사와 박람회가 연이어 열렸다. 시는 23∼24일 ‘2025 구미 방위산업 파트너십(GDIP)’을 열고 해외 무관단과 국내 방산기업 관계자들이 참여한 포럼과 현장 방문 등을 진행했다. 방산혁신 클러스터 조성을 추진 중인 구미시가 글로벌 네트워크를 확보하는 한편 기업·연구기관·군 관계자들이 모여 기술 개발과 수출 전략을 논의하는 자리다. 이번 행사에는 그리스, 네덜란드, 불가리아, 폴란드, 프랑스, 핀란드, 멕시코, 미국, 캐나다, 콜롬비아, 페루, 인도, 사우디아라비아, 아랍에미리트, 이라크 등 15개국 주한 무관 22명이 참가했다.● 방산 클러스터 조성에 499억 원 투자 무관은 자국 대사관에 주재하며 군사·국방 교류 협력 업무를 담당하는 군사 전문가다. 이들은 23일 한화시스템 구미 신사업장을 포함한 국내 대표 방산기업 생산 현장을 직접 둘러보고 기업 관계자들과 협력 방안을 논의했다. 같은 날 저녁 김장호 구미시장 주재로 열린 환영 만찬에는 LI',0.841817,'suggested','2025-09-25 01:18:31','https://dimg.donga.com/wps/NEWS/IMAGE/2025/09/24/132456800.6.jpg',0,0),(275,44,'한겨레','hani.co.kr','LEFT','구윤철, 베선트 재무장관 면담 “통화스와프·환율 논의”','https://www.hani.co.kr/arti/economy/economy_general/1220601.html',NULL,'',0.842351,'published','2025-09-25 07:28:58','https://flexible.img.hani.co.kr/flexible/normal/970/582/imgdb/child/2025/0925/53_17587596781533_20250925500590.webp',1,1),(276,44,'한겨레','hani.co.kr','LEFT','민주당 “원화 스테이블 코인 정책 만들 것”…TF 구성해 입법 논의','https://www.hani.co.kr/arti/politics/politics_general/1220521.html',NULL,'',0.828139,'published','2025-09-25 07:28:58','https://flexible.img.hani.co.kr/flexible/normal/970/625/imgdb/original/2025/0924/20250924503858.webp',0,2),(282,44,'경향신문','khan.co.kr','LEFT','[속보]원·달러 환율 1400원 돌파','https://www.khan.co.kr/article/202509250903001/?utm_source=khan_rss&utm_medium=rss&utm_campaign=economy_news','2025-09-25T09:03:00+09:00','25일 오전 서울 중구 하나은행 본점 딜링룸 현황판에 코스피 및 환율 지수가 표시되고 있다. 연합뉴스\n\n원·달러 환율이 25일 주간거래에서도 개장과 동시에 달러당 1400원을 넘어섰다.\n\n이날 서울외환시장에서 원·달러 환율은 전장보다 5.5원 오른 1403원에 거래를 시작했다. 전날 야간거래에서 원·달러환율은 11.20원 오른 달러당 1403.80원에 거래···',0.812254,'published','2025-09-25 07:28:58','https://img.khan.co.kr/news/2025/09/25/rcv.YNA.20250925.PYH2025092503240001300_P1.jpg',0,3),(285,44,'동아일보','donga.com','RIGHT','구윤철, 美재무장관 면담…한미 통화스와프·대미 투자패키지 논의','https://www.donga.com/news/Economy/article/all/20250925/132460578/1','Thu, 25 Sep 2025 08:42:08 +0900','이재명 대통령의 미국 방문 일정을 수행 중인 구윤철 경제부총리 겸 기획재정부 장관이 24일(현지시간) 뉴욕에서 스콧 베선트 미국 재무장관을 면담하고 한미 통화스와프 등 양국간 통상 이슈를 논의했다.기재부는 “구윤철 부총리와 베선트 장관은 이재명 대통령의 베센트 장관 접견에 이어 별도 면담을 갖고, 통화스와프를 포함한 대미투자 패키지, 환율 협상 등에 대하여 논의했다”고 전했다.다만 기재부는 “협상이 진행중이므로 구체적인 내용은 말씀드리기 어려운 상황임을 양해해 주시기 바란다”고 덧붙였다.구 부총리와 베선트 장관의 만남은 지난 7월 31일 미국 워싱턴D.C.에서 열린 한미 관세협상 이후 처음이다. 한미 재무장관간 양자 면담은 구 부총리가 취임한 이후 처음이다.구 부총리는 최근 교착 상태에 빠진 한미 관세 협상의 주요 의제들을 논의하기 위해 베선트 장관을 만난 것으로 보인다. 한국과 미국은 3500억 달러(491조원) 규모의 대미 투자펀드의 구체적인 내용을 놓고 의견차를 좁히지 못하고',0.836662,'published','2025-09-25 07:28:58','https://dimg.donga.com/wps/NEWS/IMAGE/2025/09/25/132460579.1.jpg',1,5),(286,44,'조선일보','chosun.com','RIGHT','李 “통화 스와프 없이 3500억달러 美 투자하면 금융 위기”','https://www.chosun.com/politics/politics_general/2025/09/23/2TMNPGUPFRFSRA22E75E5ZXYGE/','Mon, 22 Sep 2025 15:55:00 +0000','',0.835033,'published','2025-09-25 07:28:58','https://www.chosun.com/resizer/v2/RSC2PXWFYLVXMSY6FUOGKKCYXI.jpg?auth=d4c788aec181c0c7b8cce736d427ffc8ae281f2e1d29b6958e54bba149dd7e0a&width=600&height=315&smart=true',0,4),(287,44,'중앙일보','joongang.co.kr','RIGHT','트럼프의 아르헨티나 사랑…韓에 시큰둥한 통화스와프 꺼냈다 - 중앙일보','https://news.google.com/rss/articles/CBMiVkFVX3lxTFBsT29kRXpkY2JrMTB2Tk9neXZTNG5RSVZYQ1B4em4ybzVReGJNQUpIMWdwVDdkdWhfQnFjVy1EX2M2T2o5a1h2TklrOTF1OElERHA5RjlB?oc=5','Wed, 24 Sep 2025 07:59:01 GMT','트럼프의 아르헨티나 사랑…韓에 시큰둥한 통화스와프 꺼냈다 &nbsp;&nbsp; 중앙일보',0.831244,'published','2025-09-25 02:23:11','https://lh3.googleusercontent.com/J6_coFbogxhRI9iM864NL_liGXvsQp2AupsKei7z0cNNfDvGUmWUy20nuUhkREQyrpY4bEeIBuc=s0-w300-rw',0,0),(288,44,'동아일보','donga.com','RIGHT','김용범 “APEC 염두에 두고 관세협상중…통화 스와프는 필요조건”','https://www.donga.com/news/Politics/article/all/20250925/132461000/1','Thu, 25 Sep 2025 09:33:32 +0900','김용범 대통령실 정책실장은 24일(현지시간) 난항을 겪고 있는 한미 관세 후속 협상과 관련 “데드라인을 따로 두고 있진 않다”면서도 “APEC 기간 한미 정상회담을 염두에 두고 협상하고 있다”고 밝혔다.대통령실은 ‘국익 최우선’ 원칙하에 APEC 정상회의를 협상 타결의 1차 목표로 설정했지만, 과도한 요구는 수용할 수 없다는 입장을 재차 분명히 했다. 쌀·소고기 추가 개방과 관련해서도 논의 불가 입장을 고수 중이다.김 정책실장은 이날 오후 미국 뉴욕 유엔총회 취재기자단 프레스센터에서 브리핑을 통해 “데드라인을 따로 두고 있지는 않다”며 “상업적 합리성에 맞고, 우리나라가 감내할 수 있고, 국익에 부합하고, 한미 간에 상호호혜적 결과를 도출할 수 있는 안이어야 한다는 원칙을 갖고 협상하고 있다”고 밝혔다.김 정책실장은 “협상 시한 때문에 우리가 그런 원칙을 희생하는 일은 없을 것”이라고 강조했다. 그러면서도 “다음에 중요한 계기가 경주 APEC이고, 트럼프 대통령이 참석할 것이고, 양',0.825403,'published','2025-09-25 07:28:58','https://dimg.donga.com/wps/NEWS/IMAGE/2025/09/25/132461001.1.jpg',0,3),(290,44,'조선일보','chosun.com','RIGHT','원·달러 환율 1400원 돌파... ‘심리적 저지선’ 뚫렸다','https://www.chosun.com/economy/money/2025/09/25/4CDVV3Q3VZF5JEWS4JLGC6VE4E/','Thu, 25 Sep 2025 00:32:28 +0000','',0.817318,'published','2025-09-25 04:28:32','https://www.chosun.com/resizer/v2/MMT5X26PZ5OP3PGEJO34MG54IY.JPG?auth=985ce6d9090305b89d641e93ca5d365cdee280467925dd1c6ae641b9c1eb23a8&width=1200&height=630&smart=true',0,1),(295,44,'한겨레','hani.co.kr','LEFT','대기업집단 공익법인 23%, 사회공헌에 수입 절반도 안 써','https://www.hani.co.kr/arti/economy/economy_general/1220504.html',NULL,'',0.842351,'published','2025-09-25 04:36:02','https://flexible.img.hani.co.kr/flexible/normal/648/389/imgdb/child/2025/0924/53_17587003657578_20250924503626.webp',0,0),(302,44,'조선일보','chosun.com','RIGHT','[단독] 가스公기업 간부, 성희롱 적발돼도 성과급 수백만원 타갔다','https://www.chosun.com/politics/2025/09/22/VSJX2JZ44FCADEB7HEAZFGS55Y/','Mon, 22 Sep 2025 04:47:37 +0000','',0.835033,'published','2025-09-25 08:34:34','https://www.chosun.com/resizer/v2/2HT5AKLVOZHYBE7MZNJUVR6HM4.png?auth=90463775c581614d3f5b2bd38be6cc2c951de3edfd69200261cf5184341a39f5&width=1200&height=630&smart=true',0,0),(323,44,'경향신문','khan.co.kr','LEFT','한·미 국방당국, 동맹 현대화 논의…“전작권 전환 조건 충족에 상당한 진전”','https://www.khan.co.kr/article/202509241902001/?utm_source=khan_rss&utm_medium=rss&utm_campaign=politic_news','2025-09-24 19:02:00','제27차 한·미 통합국방협의체(KIDD) 회의 이재명 정부 출범 이후 첫 회의 윤봉희 국방부 국방정책실장 대리(왼쪽)와 존 노 미 국방부 동아시아 담당 부차관보가 23~24일 서울 용산구 국방부에서 열린 제27차 한·미 통합국방협의체(KIDD) 회의에서 기념사진을 찍고 있다. 국방부 제공 한·미 국방 고위 당국자가 서울에서 만나 동맹 현대화를 논의했다.···',0.791188,'suggested','2025-09-25 04:36:17','https://img.khan.co.kr/news/2025/09/24/news-p.v1.20250924.8b2891ed13fc47f3a8e5ab3f142aba5c_P1.jpg',0,1),(331,44,'한겨레','hani.co.kr','LEFT','원-달러 환율 다시 1400원 넘어서','https://www.hani.co.kr/arti/economy/economy_general/1220606.html',NULL,'',0.784938,'suggested','2025-09-25 04:32:59','https://flexible.img.hani.co.kr/flexible/normal/740/460/imgdb/original/2025/0925/20250925500715.webp',0,9),(333,44,'중앙일보','joongang.co.kr','RIGHT','FOMC도 트럼프맨도 싫어한다, 李가 던진 ‘통화스와프’의 운명 - 중앙일보','https://news.google.com/rss/articles/CBMiVkFVX3lxTE85MmJmVHRSczd0amg5YmVaclh3bnAwRVRGUlU2ckRxOC1JbE9uZTkyajRsNm1ldTlHTUVienRKZmVfYmVGalJsektLMDR0N0lWTEEzb3FR?oc=5','2025-09-24 20:01:59','FOMC도 트럼프맨도 싫어한다, 李가 던진 ‘통화스와프’의 운명 &nbsp;&nbsp; 중앙일보',0.799009,'published','2025-09-25 07:28:58','https://lh3.googleusercontent.com/J6_coFbogxhRI9iM864NL_liGXvsQp2AupsKei7z0cNNfDvGUmWUy20nuUhkREQyrpY4bEeIBuc=s0-w300',0,2),(343,47,'경향신문','khan.co.kr','LEFT','“다 털렸는데 연회비 면제?···보상대책 보니 더 화나\" 롯데카드에 분통','https://www.khan.co.kr/article/202509242049025/?utm_source=khan_rss&utm_medium=rss&utm_campaign=economy_news','2025-09-24 20:49:02','정보 유출 피해자 5800여명 집단 소송 준비…“소비자 우롱” 성난 여론 국회서도 ‘정보 2만~3만원 수준이냐’ 지적…사측 “해킹 보상책 아냐” “누굴 거지로 아는 건지 열받네요.” 297만명의 고객정보를 유출한 롯데카드가 내놓은 보상안을 두고 개인정보 유출에도 롯데카드를 유지하라는 거냐며 소비자들이 분통을 터트리고 있다. 고작 월 30···',0.820283,'published','2025-09-25 05:02:16','https://img.khan.co.kr/news/2025/09/24/l_2025092501000783300077351.jpg',0,0),(344,47,'경향신문','khan.co.kr','LEFT','“연회비 면제? 월 300원 알림? 보상안이 더 화나”···롯데카드 대책에 소비자들 ‘분통’','https://www.khan.co.kr/article/202509241700001/?utm_source=khan_rss&utm_medium=rss&utm_campaign=economy_news','2025-09-24 17:00:00','정보 유출 피해자들 ‘집단 소송 참여 의사’ 봇물 10개월 무이자 등 찔끔 보상, 성난 여론에 ‘기름’ 과방위서도 “고객 정보 너무 작게 생각하나” 질타 조좌진 롯데카드 대표이사가 24일 국회 과학기술정보방송통신위원회에서 열린 통신·금융 대규모 해킹사고에 대한 청문회에서 질의에 답하고 있다. 한수빈 기자 “누굴 거지로 아는 건지 진짜 열 받네요.” 2···',0.812818,'published','2025-09-25 05:02:16','https://img.khan.co.kr/news/2025/09/24/news-p.v1.20250924.dd2575bc50e546098679a672e07b243e_P1.jpeg',0,4),(345,47,'경향신문','khan.co.kr','LEFT','국가기관 개인정보, 작년 391만건 유출','https://www.khan.co.kr/article/202509242029015/?utm_source=khan_rss&utm_medium=rss&utm_campaign=economy_news','2025-09-24 20:29:01','개인정보법 개정·예산 부족 탓 2년 전 65만건에서 6배로 증가 지난해 국가기관(공공기관)에서 유출된 개인정보 건수가 400만건에 육박하는 것으로 나타났다. 유출 건수는 2년 전보다 6배가량 늘었다. 24일 국회 정무위원회 소속 이정문 더불어민주당 의원이 개인정보보호위원회에서 받은 자료를 보면, 국가기관의 개인정보 유출 규모는 2022년 65만···',0.804485,'published','2025-09-25 05:02:16','https://img.khan.co.kr/spko/company/Khan_CI_180212.jpg',0,6),(348,47,'경향신문','khan.co.kr','LEFT','“기간통신사 자격 없다”…여야 질타에 고개 숙인 KT','https://www.khan.co.kr/article/202509241805001/?utm_source=khan_rss&utm_medium=rss&utm_campaign=economy_news','2025-09-24 18:05:00','김영섭 KT 대표이사가 24일 국회 과학기술정보방송통신위원회에서 열린 통신·금융 대규모 해킹사고에 대한 청문회에서 질의에 답하고 있다. 한수빈 기자 김영섭 KT 대표가 24일 무단 소액결제 범행 수단으로 지목된 초소형 기지국(펨토셀) 관리 부실을 인정하며 사과했다. 개인정보가 유출된 2만여명에 대해선 위약금 면제를 적극 검토하고, 모든 인증 방식의 소액결···',0.793543,'published','2025-09-25 05:02:16','https://img.khan.co.kr/news/2025/09/24/news-p.v1.20250924.3f2cf64a03e9412ba3906ce674c41b4f_P1.jpeg',0,8),(352,47,'경향신문','khan.co.kr','LEFT','여야 “KT, 기간통신사 자격 있나” 펨토셀 관리 부실 질타','https://www.khan.co.kr/article/202509242030005/?utm_source=khan_rss&utm_medium=rss&utm_campaign=economy_news','2025-09-24 20:30:00','국회 과방위 청문회서 미사용 펨토셀 자동 차단 부실·해킹 의혹 서버 폐기 등 지적…KT “위약금 면제 검토” 입이 열 개라도… 24일 국회 과학기술정보방송통신위원회에서 열린 통신·금융 대규모 해킹사고에 대한 청문회에 출석한 증인들이 질의를 듣고 있다. 왼쪽부터 윤종하 MBK파트너스 부회장, 조좌진 롯데카드 대표이사, 김영섭 KT 대표이사. 한수빈 기자···',0.784879,'published','2025-09-25 05:02:16','https://img.khan.co.kr/news/2025/09/24/l_2025092501000793200077031.jpg',0,9),(355,47,'조선일보','chosun.com','RIGHT','KT 정보 유출 2만명에 해지 위약금 면제 검토','https://www.chosun.com/economy/tech_it/2025/09/25/COIQSMVKHZC47HYXGDH2F7GEGA/','2025-09-24 15:46:00','',0.788291,'published','2025-09-25 05:02:16','https://www.chosun.com/resizer/v2/YYVSE7Z5MCQPPNJRKO4KKC6AMQ.jpg?auth=549f01447ee964e61aac59cf18b7596fadd970902aa0be906e7f37ebcd0f8b65&width=1200&height=630&smart=true',0,2),(363,47,'경향신문','khan.co.kr','LEFT','[속보] KT “정보 유출 피해자 2만명 ‘위약금 면제’ 검토”','https://www.khan.co.kr/article/202509241606011/?utm_source=khan_rss&utm_medium=rss&utm_campaign=economy_news','2025-09-24 16:06:01','김영섭 KT 대표이사가 24일 국회 과학기술정보방송통신위원회에서 열린 통신·금융 대규모 해킹사고에 대한 청문회에 참석해 있다. 한수빈 기자 KT가 초소형 기지국(펨토셀)을 통해 개인정보가 유출된 2만여명에 대한 위약금 면제를 적극 검토하겠다고 밝혔다. 김영섭 KT 대표는 24일 국회 과학기술정보방송통신위원회가 연 무단 소액결제 및 해킹 사태 청문회에서 ···',0.782639,'published','2025-09-25 07:03:47','https://img.khan.co.kr/news/2025/09/24/news-p.v1.20250924.cfe48837756e44a5bd62a1fac7e82963_P1.jpeg',0,3),(364,47,'경향신문','khan.co.kr','LEFT','KT “ARS 이외 다른 소액결제도 분석하겠다”','https://www.khan.co.kr/article/202509241845001/?utm_source=khan_rss&utm_medium=rss&utm_campaign=economy_news','2025-09-24 18:45:00','김영섭 KT 대표이사가 24일 국회 과학기술정보방송통신위원회에서 열린 통신·금융 대규모 해킹사고에 대한 청문회에 참석해 있다. 한수빈 기자 KT가 문자서비스(SMS) 등 모든 소액결제 사례를 분석해 피해 규모를 다시 파악하겠다고 밝혔다. 김영섭 KT 대표는 24일 국회 과학기술정보방송통신위원회가 연 ‘대규모 해킹사고(통신·금융) 관련 청문회’에서 “SM···',0.778669,'published','2025-09-25 05:02:16','https://img.khan.co.kr/news/2025/09/24/news-p.v1.20250924.833ecc0cd47743109cf85ca06de5c2ed_P1.jpeg',0,5),(365,47,'경향신문','khan.co.kr','LEFT','‘KT 소액결제’ 피의자들 검찰 송치…윗선 수사는 계속','https://www.khan.co.kr/article/202509251347001/?utm_source=khan_rss&utm_medium=rss&utm_campaign=society_news','2025-09-25 13:47:00','KT 무단 소액결제 사건 피의자 A씨가 25일 경기도 수원시 영통구 수원영통경찰서 유치장에서 검찰로 송치되고 있다. 연합뉴스 KT 소액결제 사건의 피의자들이 25일 검찰에 구속 송치됐다. 경기남부경찰청 사이버수사과는 정보통신망법 위반(침해) 및 컴퓨터 등 사용 사기 등 혐의로 중국 국적의 A씨(48)를 이날 구속 송치했다고 밝혔다. 또 컴퓨터 등 사용 ···',0.777545,'published','2025-09-25 05:02:16','https://img.khan.co.kr/news/2025/09/25/news-p.v1.20250925.87154a45d4054f918a8eab00ca75e74f_P1.png',1,7),(366,47,'동아일보','donga.com','RIGHT','국회 과방위, KT 소액결제 사건 조사 TF 꾸린다…경찰 등과 합동 점검 추진','https://www.donga.com/news/Economy/article/all/20250924/132459605/1','2025-09-24 21:26:18','국회 과학기술정보방송통신위원회가 KT 무단 소액결제 사건 조사를 위한 태스크포스(TF)를 구성하고 민관합동조사단, 경찰과 함께 불법 소형 기지국(팸토셀) 점검을 진행하겠다고 밝혔다.최민희 과방위원장은 24일 국회 과학기술정보방송통신위원회의 대규모 해킹사고 관련 청문회에서 “과방위는 단순히 오늘 청문회에서 문제 제기하는 것에 그치지 않고 즉시 여야 간사와 협의해 (KT 사고) 관련 TF를 구성하겠다”고 말했다.최 위원장은 “청문회에서 다 밝혀내지 못한 부분들과 여전히 의혹으로 남아있는 사안들은 다가오는 국정감사에서 다시 한번 철저히 검증하겠다”며 “당장 다음주 진행되는 경찰과 민관합동조사단의 불법 펨토셀 점검도 TF가 같이 하도록 조치할 것”이라고 설명했다.이어 “제도개선과 후속 입법, 관계 당국의 철저한 관리감독 강화 요구를 통해 다시는 이러한 일이 반복되지 않도록 하겠다”며 “이번에 터진 이 사태가 AI 3강으로 가는 길목에서 대한민국에 주어진 마지막 기화라고 생각한다”고 덧붙였다',0.779892,'published','2025-09-25 05:02:16','https://dimg1.donga.com/wps/NEWS/IMAGE/2025/09/24/132459606.1.jpg',0,0),(367,47,'동아일보','donga.com','RIGHT','“구멍가게도 이렇게 안해”… 여야, KT ‘해킹축소-늑장대응’ 질타','https://www.donga.com/news/Politics/article/all/20250925/132459516/2','2025-09-25 03:00:00','《“안일한 대처” 해킹 청문회 질타4월 SK텔레콤 유심 해킹 사태에 이어 최근 KT 무단 소액결제 사건과 롯데카드 개인정보 유출이 잇따라 벌어지면서 보안과 관련된 국민 불안이 그 어느 때보다 커졌다. 계속되는 사건 사고의 이면에는 기업들의 안일한 대처와 보안 투자 미비 등의 문제가 숨어 있다. 이에 국회 과학기술정보방송통신위원회는 24일 대규모 해킹 사고 관련 청문회를 열고 KT와 롯데카드의 개인정보 관리 부실과 사건 축소 정황 등을 질타하고 나섰다.》“(KT가) 소액결제 관련 여러 가지 예기치 못한 사고를 저질러서 고객뿐 아니라 전 국민을 불안하게 하고 걱정과 심려 끼쳐 드려 정말 죄송합니다.” 24일 국회 과학기술정보방송통신위원회가 연 ‘대규모 해킹 사고(통신·금융) 관련 청문회’에 증인으로 출석한 김영섭 KT 대표이사가 초소형 기지국(펨토셀) 부실 관리를 인정하고, 정보 유출 피해 고객 2만여 명을 대상으로 한 위약금 면제도 적극 검토하겠다고 밝혔다. 이날 청문회에서 의원들은',0.773547,'published','2025-09-25 05:02:16','https://dimg1.donga.com/wps/NEWS/IMAGE/2025/09/25/132456908.5.jpg',0,1),(369,47,'조선일보','chosun.com','RIGHT','통신 3사 CEO 국감 증인으로… KT 임원진도 줄줄이 소환','https://www.chosun.com/economy/tech_it/2025/09/25/K2Q6WDLLNUWFDCN6MNRI7XPEVU/','2025-09-25 02:33:43','유영상 SK텔레콤 사장, 김영섭 KT 사장, 홍범식 LG유플러스 사장이 다음 달 열리는 국회 국정감사에 증인으로 출석할 예정이다. 최근 연이어 발생한 해킹 사고에 대한 질의가 통신 3사 최고경영자(CEO)들에게 집중될 것으로 보인다. 25일 국회에 따르면 다음 달 13일 과학기술정보통신부, 같은 달 14일 방송통신위원회를 상대로 한 종합 국정감사가 진행된다',0.773029,'published','2025-09-25 05:02:16','https://www.chosun.com/resizer/v2/4XHWJMTFBGHXWFIEFGDHQSGVLQ.jpg?auth=cf6653898f0383e04de9651a9ebc955416db4340a7b4b443c8933ada7e979a6d&width=786&height=412&smart=true',1,3),(372,47,'중앙일보','joongang.co.kr','RIGHT','[단독] KT 소액결제 왜 광명·금천에 몰렸나… 피의자 “집 근처라서” - 중앙일보','https://news.google.com/rss/articles/CBMiVkFVX3lxTE1ZaTFwSk9tU0Ztb0V3Y3lVZ0wtaTRMcGE1ZV95OGZ3Z2lmZGdzMU1BNlI1Rlo3UDY4eWQ1dHJfdHd4bVZITWdFR2tFU3BVNUF5VU5qZnV3?oc=5','2025-09-24 04:46:01','[단독] KT 소액결제 왜 광명·금천에 몰렸나… 피의자 “집 근처라서” &nbsp;&nbsp; 중앙일보',0.760829,'published','2025-09-25 05:02:16','https://lh3.googleusercontent.com/J6_coFbogxhRI9iM864NL_liGXvsQp2AupsKei7z0cNNfDvGUmWUy20nuUhkREQyrpY4bEeIBuc=s0-w300',0,4),(374,47,'한겨레','hani.co.kr','LEFT','“해명 번복·거짓말 11번”…오락가락 KT에 쏟아진 질타','https://www.hani.co.kr/arti/economy/it/1220539.html',NULL,'',0.776447,'published','2025-09-25 04:52:42','https://flexible.img.hani.co.kr/flexible/normal/800/533/imgdb/original/2025/0924/20250924504114.webp',0,1),(375,47,'한겨레','hani.co.kr','LEFT','KT, 서버 해킹 정황 7월에 이미 알았다','https://www.hani.co.kr/arti/economy/it/1220540.html',NULL,'',0.775258,'published','2025-09-25 07:03:47','https://flexible.img.hani.co.kr/flexible/normal/800/464/imgdb/original/2025/0924/20250924504119.webp',0,2),(381,44,'동아일보','donga.com','RIGHT','李, 베선트 美재무 만나 “대미투자 환경 韓과 日은 크게 달라”','https://www.donga.com/news/Politics/article/all/20250925/132460285/1','2025-09-24 21:48:00','유엔총회 참석을 위해 방미 중인 이재명 대통령이 24일(현지 시간) 스콧 베선트 미 재무장관을 접견했다. 대통령실은 이번 접견이 “투자 패키지 협상 과정에서 중대한 분수령”이라고 말했다.김용범 대통령정책실장은 이날 뉴욕에 마련된 프레스센터에서 기자간담회를 갖고 이 대통령이 베선트 장관을 약 30분간 만나 3500억 달러(약 486조 원) 대미 투자펀드, 한미 통화스와프(swap) 등 한미 관세 후속 협상 등에 대해 논의했다고 밝혔다.이 대통령은 “안보뿐만 아니라 경제 측면에서도 양국의 긴밀한 협력관계는 한미동맹을 유지하고 발전하는 데 있어 매우 중요하다”며 “대미 투자 패키지와 관련해 상업적 합리성을 바탕으로 양국의 이익에 부합하는 방향으로 논의의 진전을 기대한다”고 말했다고 김 실장은 전했다. 이 대통령은 이어 “안보 측면에 있어 양국의 협력은 잘 진행되고 있다”며 “통상 분야에서도 좋은 협의가 이뤄질 필요',0.774268,'suggested','2025-09-25 06:18:24','https://dimg1.donga.com/wps/NEWS/IMAGE/2025/09/25/132460415.1.jpg',0,1),(382,44,'조선일보','chosun.com','RIGHT','野 “김민석, 美 관세 협상 안 되자 반미선동”','https://www.chosun.com/economy/economy_general/2025/09/25/X2RDQ6YNOCODVKROACLIV2KH7I/','2025-09-25 01:53:01','국민의힘이 김민석 국무총리가 미국 언론 인터뷰에서 한국 근로자의 비자 문제 해결 전까지 대미 투자가 불가능하다는 발언에 대해 “반미(反美) 선동”이라고 비판했다. 장동혁 국민의힘 대표는 25일 오전 대전시당 열린 현장 최고위원회의에서 “김민석 국무총리가 블룸버그 인터뷰에서 비자 문제 해결 전까지 미국 투자가 없다, 통화스와프 없으면 3500억 달러 투자가',0.764567,'suggested','2025-09-25 06:18:24','https://www.chosun.com/resizer/v2/TMQCJWMHQLD5NFT7LCAZNDH3DU.jpg?auth=609a8e106af05a1058df3227f48aaa9e71eb03bbd7a6ec1ae94ae21d8a72fe68&width=1200&height=630&smart=true',0,2),(413,22,'경향신문','khan.co.kr','LEFT','“호남에서는 불 안 나나” 발언에 민주당 “누군지 찾아내 제명해야”','https://www.khan.co.kr/article/202509261114011/?utm_source=khan_rss&utm_medium=rss&utm_campaign=politic_news','2025-09-26 11:14:01','우원식 국회의장이 25일 열린 국회 본회의에서 경북·경남·울산 초대형산불 피해구제 및 지원 등을 위한 특별법안 표결 결과를 밝히고 있다. 박민규 선임기자 국회 본회의 도중 국민의힘 측 의원석에서 나온 것으로 추정되는 “호남에서는 불 안 나나”라는 발언에 대해 더불어민주당이 26일 “국회의원 자격이 없다”며 공세를 폈다. 정청래 민주당 대표는 이날 국회에···',0.762697,'published','2025-09-26 08:20:28','https://img.khan.co.kr/news/2025/09/26/news-p.v1.20250926.51be3700f2f54f37afd08914e196aa2d_P1.jpeg',1,1),(414,22,'조선일보','chosun.com','RIGHT','추미애 엄호 나선 與 “윤석열 오빠면 오빠지 뭔 비하냐”','https://www.chosun.com/politics/politics_general/2025/09/23/GSORUOTVWVGEXOZGG5IO2QY2EI/','2025-09-23 14:28:02','',0.805383,'suggested','2025-09-26 02:24:29','https://www.chosun.com/resizer/v2/GJA2ABW3D7I6WPXQFTW72CX4SY.jpg?auth=c393c30b8ad068e2a68e71f4b4b3df4ef74881f94cf020d5b5456cdadc8e67b0&width=1200&height=630&smart=true',0,1),(415,22,'중앙일보','joongang.co.kr','RIGHT','조희대, 신임 법관에 \"헌법이 재판 독립∙법관 신분 보장\"','https://news.google.com/rss/articles/CBMiVkFVX3lxTE94dmtuY3V0VVBJOC1iR3UyT0dkRV91OC10NklQSzhZeGdTMURrT0ZHN29UR1ZjaVdrZzlWUjA5ZHNZU3c5dHpyTGlqbGdDaHdkZzZZVGJ3?oc=5','2025-09-25 15:47:32','조희대, 신임 법관에 \"헌법이 재판 독립∙법관 신분 보장\" &nbsp;&nbsp; 중앙일보',0.804417,'published','2025-09-26 02:32:11','https://lh3.googleusercontent.com/J6_coFbogxhRI9iM864NL_liGXvsQp2AupsKei7z0cNNfDvGUmWUy20nuUhkREQyrpY4bEeIBuc=s0-w300',0,2),(416,22,'조선일보','chosun.com','RIGHT','국감 증인 143명 신청… 재판 중인 사건 뒤집겠다는 ‘추미애 법사위’','https://www.chosun.com/politics/assembly/2025/09/26/LYZJZAZ5XZEFHDJV7SZONI6EUU/','2025-09-26 00:51:00','',0.804349,'suggested','2025-09-26 02:24:29','https://www.chosun.com/resizer/v2/OUAP3733WVJB3N2LXZJVQ757EE.jpg?auth=859a74c6a8a98baf329495a51bb5e55c0289bb1858d5d9d1da48c293dc9718fc&width=1200&height=630&smart=true',0,3),(417,22,'동아일보','donga.com','RIGHT','정청래 ‘특검법-정부조직법 합의’ 파기 부메랑… “금융개혁 후퇴”','https://www.donga.com/news/Politics/article/all/20250926/132468939/1','2025-09-26 03:00:00','더불어민주당과 정부가 25일 정부조직법 개정안에서 금융감독위원회 설치법을 빼기로 하면서 이재명 정부의 금융조직 개편안이 사실상 백지화됐다는 평가가 나온다. 야당이 필리버스터(무제한 토론)를 예고하면서 금융체계 혼란이 가중될 수 있다는 우려가 나오자 한발 물러선 것. 하지만 강성 지지층의 요구에 특검법 개정안을 수정하는 대신 금융조직 개편 관련 법안을 처리하기로 한 여야 합의를 파기한 것이 부메랑으로 돌아오면서 이재명 정부의 정부조직 개편이 시작부터 삐걱거리게 됐다는 지적이 나온다.● 혼란만 남기고 금융위-금감원 그대로민주당 한정애 정책위의장은 이날 국회에서 열린 긴급 고위 당정대 직후 열린 브리핑에서 “당정대는 당초 신속처리안건(패스트트랙)으로 처리하려 했던 금융위 정책·감독 기능 분리 및 금융소비자원 신설 등을 이번 정부조직 개편에 담지 않기로 결정했다”고 했다. 여권은 정부 출범 직후부터 국정기획위원회 등을 거치며 금융당국 개편을 조율해 왔다.민주당 핵심 관계자는 “금감위 설치법',0.802858,'suggested','2025-09-26 02:24:29','https://dimg1.donga.com/wps/NEWS/IMAGE/2025/09/26/132467958.3.jpg',0,4),(421,22,'중앙일보','joongang.co.kr','RIGHT','검사 32명, 판사 됐다…조희대 \"헌법상 재판독립, 신분 보장\"','https://news.google.com/rss/articles/CBMiVkFVX3lxTE9tZjc5STNFc0RScHlreXBrZlpVXzY0Z0hlLVZTbXFGNnBkTWRDRjVLeHJYaDRuaFREVlJNdXpORTh2YUQ5ZnV3MjFTelBEaC1fRTZDbEJB?oc=5','2025-09-25 18:19:37','검사 32명, 판사 됐다…조희대 \"헌법상 재판독립, 신분 보장\" &nbsp;&nbsp; 중앙일보',0.802006,'suggested','2025-09-26 02:24:29','https://lh3.googleusercontent.com/J6_coFbogxhRI9iM864NL_liGXvsQp2AupsKei7z0cNNfDvGUmWUy20nuUhkREQyrpY4bEeIBuc=s0-w300',0,8),(424,22,'경향신문','khan.co.kr','LEFT','법관대표회의, 대법관 증원·추천방식 논의…결론 주목','https://www.khan.co.kr/article/202509251637001/?utm_source=khan_rss&utm_medium=rss&utm_campaign=society_news','2025-09-25 16:37:00','서울 서초구 대법원에 있는 정의의 여신상. 한수빈 기자 전국 법관들이 모여 더불어민주당이 ‘사법 개혁’ 일환으로 추진하는 대법관 증원론에 대해 토론을 벌인다. 전국법관대표회의 재판제도분과위원회는 25일 오후 7시 대법원 회의실 409호에서 전국 법관대표와 법관들이 참석하는 상고심 제도 개선 토론회를 연다. 토론회는 온라인으로도 함께 열린다. 법관대표회의···',0.822046,'published','2025-09-26 08:19:32','https://img.khan.co.kr/news/2025/09/25/news-p.v1.20250912.1565d0597f364fbe80cfe0fa760c9b47_P1.jpeg',0,1),(425,22,'한겨레','hani.co.kr','LEFT','법관 대표들 “대법관 증원 속도 조절” “여성·노동 등 추천위 과반 구성”','https://www.hani.co.kr/arti/society/society_general/1220800.html',NULL,'',0.813564,'suggested','2025-09-26 02:29:40','https://flexible.img.hani.co.kr/flexible/normal/533/336/imgdb/original/2025/0925/20250925504267.webp',0,2),(426,22,'한겨레','hani.co.kr','LEFT','‘친명’ 김영진, 법사위 강경파 비판…“대법원장 청문회 급발진”','https://www.hani.co.kr/arti/politics/assembly/1220783.html','2025-09-25 20:27:00','',0.812966,'published','2025-09-26 08:19:28','https://flexible.img.hani.co.kr/flexible/normal/926/604/imgdb/original/2025/0925/20250925504022.webp',0,3),(427,22,'경향신문','khan.co.kr','LEFT','조희대 “헌법, 법관 신분 보장···독립된 재판 통해서만 헌법적 사명 수행 가능”','https://www.khan.co.kr/article/202509251619001/?utm_source=khan_rss&utm_medium=rss&utm_campaign=politic_news','2025-09-25 16:19:00','조희대 대법원장이 25일 서울 서초구 대법원으로 출근하고 있다. 연합뉴스 대법원장, 신임 법관 임명식서 강조 여당 주도 청문회 압박, 애둘러 반박 조희대 대법원장이 25일 “우리 헌법은 재판의 독립을 천명하고 법관의 신분을 보장하고 있다”며 “오직 독립된 재판을 통해서만 사법부에 주어진 헌법적 사명을 온전히 수행하고 국민의 기본권을 충실히 보장할 수 있···',0.812108,'suggested','2025-09-26 02:29:40','https://img.khan.co.kr/news/2025/09/25/rcv.YNA.20250925.PYH2025092508310001300_P1.jpg',0,4),(428,22,'한겨레','hani.co.kr','LEFT','전국법관대표회의 토론회 시작…대법관 증원 등 사법개혁 주제','https://www.hani.co.kr/arti/society/society_general/1220773.html',NULL,'',0.811136,'suggested','2025-09-26 02:29:40','https://flexible.img.hani.co.kr/flexible/normal/693/351/imgdb/original/2025/0925/20250925503954.webp',0,5),(429,22,'경향신문','khan.co.kr','LEFT','조희대 “재판의 독립·법관 신분은 헌법이 보장”','https://www.khan.co.kr/article/202509252133015/?utm_source=khan_rss&utm_medium=rss&utm_campaign=politic_news','2025-09-25 21:33:01','여당과 대립 속 법관 임명식 발언 조희대 대법원장(사진)이 25일 신임 법관들에게 “우리 헌법은 재판의 독립을 천명하고 법관의 신분을 보장하고 있다”며 “오직 독립된 재판을 통해서만 사법부에 주어진 헌법적 사명을 온전히 수행하고 국민의 기본권을 충실히 보장할 수 있다”고 말했다. 정청래 더불어민주당 대표가 조 대법원장 사퇴를 요구하고, 국회 법제사···',0.808539,'published','2025-09-26 08:20:28','https://img.khan.co.kr/news/2025/09/25/l_2025092601000815500082131.jpg',0,6),(430,22,'한겨레','hani.co.kr','LEFT','조희대, 법관 임명식서 “재판 독립이 헌법정신”…청문회 버티기?','https://www.hani.co.kr/arti/society/society_general/1220772.html','2025-09-25 20:59:00','',0.808022,'published','2025-09-26 08:19:20','https://flexible.img.hani.co.kr/flexible/normal/970/647/imgdb/original/2025/0925/20250925503926.webp',0,7),(431,22,'경향신문','khan.co.kr','LEFT','윤석열, 85일 만에 법정 출석···첫 재판·보석 심문 동시 진행','https://www.khan.co.kr/article/202509260745001/?utm_source=khan_rss&utm_medium=rss&utm_campaign=society_news','2025-09-26 07:45:00','윤석열 전 대통령이 지난 7월 9일 오후 구속 전 피의자 심문(영장실질심사)을 받기 위해 서울 서초구 서울중앙지방법원으로 들어서고 있다. 문재원 기자 윤석열 전 대통령의 첫 재판과 보석(보증금 등 조건을 붙인 석방) 심문이 26일 열린다. 윤 전 대통령은 이날 법정에 직접 출석한다. 지난 7월 3일 내란 우두머리 혐의 재판에 나온 뒤 85일 만이다. 서···',0.802568,'suggested','2025-09-26 02:29:40','https://img.khan.co.kr/news/2025/09/26/news-p.v1.20250926.13b8c642a1bb4b138bac91dfce8de546_P1.jpg',0,8),(432,22,'오마이뉴스','ohmynews.com','LEFT','[단독] \"연락 달라 아니면 법원 출석\" 명태균·아내, 전 직원에 문자...증언 개입 의혹','https://www.ohmynews.com/NWS_Web/View/at_pg.aspx?CNTN_CD=A0003168654','2025-09-26 07:02:03','공천거래 혐의로 재판 중인 명태균씨와 그의 아내가 최근 미래한국연구소 전 직원에게 접촉해 \"몇 가지 확인해주면 재판에 증인으로 참석할 일은 없을 것\", \"(그렇지 않으면) 내일 법원에 증인으로 청구해 우편으로 출석 통지서가 갈 것\"이라고 말한 사실이 확인됐다. 명씨의 미래한국연구소 실소유 여부가 재판의 쟁점 중 하나인 상황에서 \"부당한 증언 개입\"이라는 지적이 나오자, 명씨 측은 \"증인 신청을 위해 주소를 확인하기 위한 연락\"이라고 주장했다. 명씨는 지난 16일 오후 1시 44분 전 직원 A씨에게 \"○○씨 잘 계시죠?\"라고 안부를 물은 뒤 \"궁금한 게 있어 전화드렸다. 전화주시면 고맙겠다. 부담스러우면 답장 안 해도 괜찮다\"고 문자를 보냈다. A씨가 \"전화번호가 익숙하긴 한데 누구신지 기억이 (안 난다)\"라고 하자, 명씨는 \"명태균입니다\"라고 답했다. 이에 A씨는 \"일하는 중이라 전화 통화는 안 된다. (궁금한 것이) 무슨 내용인지 문자 부탁드린다\"고 말했고, 명씨는 \"별거 아니다. 나중에 일 마치고 시간 나실 때 연락 주시라\"고 재차 전화통화를 요청했다. 명씨의 아내 B씨도 닷새 뒤인 지난 21일 A씨에게 전화를 걸었다. B씨는 A씨가 전화를 받지 않자 \"불쑥 전화드려 죄송하다\"며 \"저는 명태균씨 배우자되는데 불편한 전화인 줄 알지만 저희한테는 절실해 실례인 줄 알지만 전화를 드렸다\"고 운을 뗐다. 전체 내용보기',0.801942,'suggested','2025-09-26 02:29:40','https://ojsfile.ohmynews.com/CRI_T_IMG/2025/0925/A0003168654_T.jpg',0,9),(433,22,'조선일보','chosun.com','RIGHT','정청래 “대통령도 갈아치우는 마당에 대법원장이 뭐라고”','https://www.chosun.com/politics/assembly/2025/09/24/IPLEAPTQ4VE7PKQ4GLFTUI7QLQ/','2025-09-24 08:19:18','',0.825697,'published','2025-09-26 02:32:14','https://www.chosun.com/resizer/v2/QNAFR7OB3NLPVCO4QW6Q4TFUBQ.JPG?auth=09eeca05cbdf3a2f3b8a121e1d416a6a444c3fd314a89e6154503ad325099209&width=1200&height=630&smart=true',0,1),(434,22,'조선일보','chosun.com','RIGHT','정청래도 못 막은 추미애… 조희대 청문회 강행','https://www.chosun.com/politics/politics_general/2025/09/24/2MFWV6CQPNCFTPVTSAVXWRP5LA/','2025-09-24 00:55:00','',0.819089,'suggested','2025-09-26 02:29:40','https://www.chosun.com/resizer/v2/E5Y5K5VKKPHJLYVVU24TGQT6BI.jpg?auth=975dd3513000757d786dc423006d83f5738658237fedd629dc370f72a2db2e57&width=1200&height=630&smart=true',0,2),(435,22,'조선일보','chosun.com','RIGHT','방송인 황현희 “추미애가 한번 건드리면 스타가 되고, 대통령도 되고”','https://www.chosun.com/politics/politics_general/2025/09/24/KOL3BMIYKZHFFOEKA4G35D2BI4/','2025-09-24 22:36:33','',0.813318,'published','2025-09-26 02:32:25','https://www.chosun.com/resizer/v2/5QWPFVA2ANHDBHF2DNV23ZNWDQ.jpg?auth=48c6a580b1cba998a9feedc68051b40c993ffa81bb7925b057e1aa1b5fd57850&width=700&height=367&smart=true',1,3),(436,22,'중앙일보','joongang.co.kr','RIGHT','폭주하는 \'추미애 법사위\'…조희대 청문회 이어 \'탄핵\' 꺼냈다','https://news.google.com/rss/articles/CBMiVkFVX3lxTE1kVjJkZ1hzWnBDZHF3VVNPMUtSYU5LMHNENEVPX0xZY3p2dEliUEZZenFJcVhUdEdrQmo2U1VYOWt0NzExYS1tV1AzRWI4dXBndV93LTNB?oc=5','2025-09-24 05:00:04','폭주하는 \'추미애 법사위\'…조희대 청문회 이어 \'탄핵\' 꺼냈다 &nbsp;&nbsp; 중앙일보',0.810458,'suggested','2025-09-26 02:29:40','https://lh3.googleusercontent.com/J6_coFbogxhRI9iM864NL_liGXvsQp2AupsKei7z0cNNfDvGUmWUy20nuUhkREQyrpY4bEeIBuc=s0-w300',0,4),(437,22,'조선일보','chosun.com','RIGHT','친명 김영진 “조희대 청문회는 급발진” 추미애 직격','https://www.chosun.com/politics/assembly/2025/09/26/IZEIVS435BELFK5V7K7SBDZ7CY/','2025-09-26 00:52:00','',0.809854,'published','2025-09-26 02:32:22','https://www.chosun.com/resizer/v2/K5EOBVZZ3UN3MRQNHT7DBWUXMY.jpg?auth=c8675b32053a5cf56d7530b1e5eee699c865c935e7354eeef13bf216a33fbe9f&width=1200&height=630&smart=true',0,5),(438,48,'한겨레','hani.co.kr','LEFT','‘검찰청 폐지’ 등 정부조직법 상정…국힘, 필리버스터 돌입','https://www.hani.co.kr/arti/politics/politics_general/1220789.html','2025-09-25 22:36:00','',0.851671,'published','2025-09-26 04:36:00','https://flexible.img.hani.co.kr/flexible/normal/774/516/imgdb/original/2025/0925/20250925504061.webp',0,1),(439,48,'경향신문','khan.co.kr','LEFT','정부조직법 상정하자 필리버스터···여야 정기국회 대립 격화','https://www.khan.co.kr/article/202509251857001/?utm_source=khan_rss&utm_medium=rss&utm_campaign=politic_news','2025-09-25 18:57:00','우원식 국회의장(가운데)이 25일 국회에서 여야 원내대표 회동을 주재하며 김병기 더불어민주당(왼쪽)·송언석 국민의힘(오른쪽) 원내대표와 인사하고 있다. 박민규 선임기자 더불어민주당이 25일 국회 본회의에서 검찰청 폐지와 기획재정부 분리를 골자로 하는 정부조직법 개정안 처리를 시도하자 국민의힘은 무제한 토론(필리버스터)에 돌입했다. 여야의 대치 정국이 더욱···',0.846539,'published','2025-09-26 02:34:45','https://img.khan.co.kr/news/2025/09/25/news-p.v1.20250925.a03a6f6cc8c044f288ab33421b4ee7bd_P1.jpeg',0,2),(440,48,'경향신문','khan.co.kr','LEFT','‘검찰청 폐지’ 담은 정부조직법 개정안 오늘 저녁 처리','https://www.khan.co.kr/article/202509260718021/?utm_source=khan_rss&utm_medium=rss&utm_campaign=politic_news','2025-09-26 07:18:02','지난 25일 국회에서 본회의가 열리고 있다. 연합뉴스 26일 국회에서 검찰청 폐지를 담은 이재명 정부 첫 정부조직법 개정안이 처리된다. 더불어민주당은 전날 오후 6시30분부터 국민의힘 주도로 진행 중인 무제한 토론(필리버스터)에 대해 이날 오후 6시30분쯤 필리버스터 종료 표결을 진행할 예정이다. 정부조직법 개정안 표결은 필리버스터 종료 후 진행된다. ···',0.844896,'published','2025-09-26 04:36:05','https://img.khan.co.kr/news/2025/09/26/rcv.YNA.20250925.PYH2025092521500001300_P1.jpg',0,3),(441,48,'경향신문','khan.co.kr','LEFT','여당 ‘금융감독기구 개편’ 접고 정부조직법 상정···국힘은 “배려로 포장 말라” 필리버스터 돌입','https://www.khan.co.kr/article/202509251933001/?utm_source=khan_rss&utm_medium=rss&utm_campaign=politic_news','2025-09-25 19:33:00','정일영 더불어민주당의원이 25일 국회 본회의에서 공공기관의 운영에 관한 법률 일부개정법률안에 대한 신속처리안건 지정동의의 건을 제안설명하고 있다. 박민규 선임기자 이재명 정부 첫 정부조직개편안 처리를 놓고 25일 여야 간 협상이 결렬되면서 또다시 필리버스터 정국이 시작됐다. 여당은 국민의힘이 반대하는 금융당국 개편안을 제외한 정부조직법 수정안을 제시하며 ···',0.8358,'published','2025-09-26 04:35:48','https://img.khan.co.kr/news/2025/09/25/news-p.v1.20250925.d8bc57ef12e94c34b613c9036836cefd_P1.jpeg',0,4),(442,48,'경향신문','khan.co.kr','LEFT','[속보]국힘, ‘검찰청 폐지’ 정부조직법에 필리버스터 돌입','https://www.khan.co.kr/article/202509251830001/?utm_source=khan_rss&utm_medium=rss&utm_campaign=politic_news','2025-09-25 18:30:00','김병기 더불어민주당 원내대표(왼쪽)와 송언석 국민의힘 원내대표(오른쪽)가 25일 국회에서 우원식 국회의장 주재로 회동을 하고 있다. 박민규 선임기자 국민의힘이 25일 더불어민주당 주도로 만들어진 정부조직법 개정안이 국회 본회의에 상정되자 무제한 토론(필리버스터)에 돌입했다. 정부조직법 개정안은 검찰청 폐지와 기획재정부 개편을 뼈대로 한다. 국민의힘은 이···',0.835722,'published','2025-09-26 04:35:50','https://img.khan.co.kr/news/2025/09/25/news-p.v1.20250925.fa87e3dab62a4ef2ae8d1374fc267ca3_P1.jpeg',0,5),(443,48,'한겨레','hani.co.kr','LEFT','금융시장 6개월 혼란 우려…당정대, 정부조직법 막판 급선회','https://www.hani.co.kr/arti/politics/politics_general/1220788.html','2025-09-25 20:55:00','',0.833273,'published','2025-09-26 04:35:45','https://flexible.img.hani.co.kr/flexible/normal/970/767/imgdb/original/2025/0925/20250925504038.webp',0,6),(444,48,'오마이뉴스','ohmynews.com','LEFT','검찰청 폐지 초읽기... 필리버스터로 지연 작전 나선 국민의힘','https://www.ohmynews.com/NWS_Web/View/at_pg.aspx?CNTN_CD=A0003168830','2025-09-25 20:04:46','\"다수의 힘으로 폭주를 자행한다면 국회가 있을 필요가 있습니까? 정치는 속도가 아니라 과정과 합의입니다.\" (유영하 국민의힘 의원) \"정부 조직이 있어야 일하는 거 아닙니까? 국힘 의원님들은 이재명 정부가 실패하기를 바라는 것만 같습니다.\" (김영환 더불어민주당 의원) 더불어민주당과 국민의힘이 결국 이견을 좁히지 못하고 대치 상황으로 내달았다. 25일 민주당은 국회 본회의에서 검찰청 폐지 등의 내용을 담은 정부조직법 개정안 처리에 나섰고 국민의힘은 필리버스터(무제한 토론)로 저지에 나섰다. 정부조직법 개정 중 여야 갈등의 뇌관은 \'검찰청 폐지\'다. 법 개정안은 검찰청 폐지 뒤 공소청(법무부 소속)-중대범죄수사청(행안부 소속)을 신설하는 내용이 핵심이다. 이날 본회의에 앞서 대치 중인 여야는 합의를 시도하려 노력하긴 했다. 이 과정에서 원래 오후 2시에 열기로 했던 본회의는 2시 반, 3시, 3시 반 등 3차례 뒤로 미뤄졌다. 애초 오후 1시 반께 우원식 국회의장 중재로 여야 원내대표가 만났으나, 회동은 20여분 만에 결렬됐다. 의장도 나서 여야 합의 노력했지만... 이견 좁히지 못해 여야 원내대표 회동에 웃으며 들어갔던 송언석 국민의힘 원내대표는 결렬 직후 굳은 표정으로 기자들과 만나 \"법안 상정 순서를 두고 의견이 엇갈렸다\"면서 \"국회의장이 민주당 손을 들어줬다\"고 주장했다. 주호영 국회부의장 또한 기자간담회를 열고 이를 \'사법-헌법 파괴\'라 규정하며 \"법 앞의 평등을 깨부수는 민주당은 공화국의 적\"이라고 목소리를 높였다. 반면 민주당은 본회의 전 연 의원총회에서 다시금 \'내란 청산\'에 방점을 찍었다. 의원들 앞에 선 정청래 당대표는 \"불법적인 12.3 비상계엄을 국민들 덕분에 극복할 수 있었다\"면서 \"이제 새로운 대한민국 5년을 준비하려는데, 이재명 정부의 정부조직법을 발목 잡는 세력이 있다\"고 비판했다. 그는 국민의힘을 겨냥해 \"이걸 필리버스터(무제한 토론)를 걸어서 저지하겠다는 건 한국이 미래로 가겠다는 걸 저지하겠다는 것\"이라며 \"새 정부 출범 후 정부조직법을 필버까지 걸면서 반대하는 야당이 지금까지 있었느냐\"고 목소리를 높였다. 의원들은 곳곳에서 \"없습니다\"라 답변했다. 정 대표는 \"내란의 완전한 청산을 위해 더 일치단결하자\"고 의원들을 독려했다. 전체 내용보기',0.826149,'published','2025-09-29 04:55:03','https://ojsfile.ohmynews.com/CRI_T_IMG/2025/0925/A0003168830_T.jpg',1,7),(445,48,'한겨레','hani.co.kr','LEFT','법무부, 검찰 수사범위 넓혔던 윤석열 정부 ‘꼼수 시행령’ 원상복구','https://www.hani.co.kr/arti/society/society_general/1220858.html',NULL,'',0.814498,'deleted','2025-09-26 04:35:32','https://flexible.img.hani.co.kr/flexible/normal/640/426/imgdb/original/2025/0926/20250926500773.webp',0,8),(446,48,'경향신문','khan.co.kr','LEFT','조희대 “헌법, 법관 신분 보장···독립된 재판 통해서만 헌법적 사명 수행 가능”','https://www.khan.co.kr/article/202509251619001/?utm_source=khan_rss&utm_medium=rss&utm_campaign=politic_news','2025-09-25 16:19:00','조희대 대법원장이 25일 서울 서초구 대법원으로 출근하고 있다. 연합뉴스 대법원장, 신임 법관 임명식서 강조 여당 주도 청문회 압박, 애둘러 반박 조희대 대법원장이 25일 “우리 헌법은 재판의 독립을 천명하고 법관의 신분을 보장하고 있다”며 “오직 독립된 재판을 통해서만 사법부에 주어진 헌법적 사명을 온전히 수행하고 국민의 기본권을 충실히 보장할 수 있···',0.807582,'deleted','2025-09-26 04:35:29','https://img.khan.co.kr/news/2025/09/25/rcv.YNA.20250925.PYH2025092508310001300_P1.jpg',0,9),(447,48,'경향신문','khan.co.kr','LEFT','법무부, 윤석열 정부 한동훈 법무장관 때 ‘검수원복’ 되돌린다···시행령 개정 입법예고','https://www.khan.co.kr/article/202509261014001/?utm_source=khan_rss&utm_medium=rss&utm_campaign=society_news','2025-09-26 10:14:00','한동훈 법무부 장관이 2022년 9월27일 서울 종로구 헌법재판소에서 ‘검찰 수사권 축소법’ 권한쟁의심판 사건의 공개변론을 하기 전 자료를 살펴보고 있다. 연합뉴스 법무부가 26일 윤석열 정부에서 검사의 직접 수사 범위를 대폭 넓힌 이른바 ‘검수원복’(검찰 수사권 원상 복구) 시행령에 대한 개정안을 입법 예고했다. 법무부는 이날 “금일(26일)부터 오는···',0.80723,'published','2025-09-29 04:55:03','https://img.khan.co.kr/news/2025/09/26/news-p.v1.20250926.f96e3209a5cb432e867ee89b3b7f0419_P1.jpg',0,10),(468,48,'조선일보','chosun.com','RIGHT','정부조직법, 소위 통과 때부터 오류투성이','https://www.chosun.com/politics/assembly/2025/09/26/CMW6XAWW25DIRLFUYMTQQCQ27Q/','2025-09-26 00:52:00','',0.86009,'published','2025-09-26 04:35:57','https://www.chosun.com/resizer/v2/FAY76ZRLFJMQ3GUBKJ3DMHQVI4.JPG?auth=51353e36f34443663434694f0bf12ddf2df03c6f2c8c1484622faea8e2bce082&width=1200&height=630&smart=true',1,1),(469,48,'중앙일보','joongang.co.kr','RIGHT','[사설] 협치 불가 선언 같은 여당의 정부조직법 강행','https://news.google.com/rss/articles/CBMiVkFVX3lxTE8yTi1Ic1hyM2o3d3JybXRtd3JhMUZFa2MzUzM4WVRUckZTNDRLMXdtMWVTWmFfcnAzSHdGWGpWVDBzOHowbEI5amFrNEhQVVpYS2hDLXV3?oc=5&hl=en-US&gl=US&ceid=US:en','2025-09-26 00:31:00','[사설] 협치 불가 선언 같은 여당의 정부조직법 강행 &nbsp;&nbsp; 중앙일보',0.853745,'published','2025-09-26 04:35:04','https://lh3.googleusercontent.com/J6_coFbogxhRI9iM864NL_liGXvsQp2AupsKei7z0cNNfDvGUmWUy20nuUhkREQyrpY4bEeIBuc=s0-w300',0,2),(470,48,'조선일보','chosun.com','RIGHT','與, 정부 조직법 처리 강행… 野는 필리버스터로 맞대응','https://www.chosun.com/politics/assembly/2025/09/26/F5RWQ65D7JFLBCDJKVENSPZEZI/','2025-09-26 01:03:07','',0.840531,'published','2025-09-26 04:35:05','https://www.chosun.com/resizer/v2/YG5YNNOK2BHQLKYQWGRRENZLLY.jpg?auth=0f6ebcd596aca0b27543071420bfb65ac3d18c66e0b169f6dd950725a8233507&width=1200&height=630&smart=true',0,3),(471,48,'조선일보','chosun.com','RIGHT','與 정부조직법안 강행에... 野, 4박 5일 필리버스터','https://www.chosun.com/politics/politics_general/2025/09/25/MX3276YBLVGFZHGKDPPBADITMY/','2025-09-25 16:11:54','',0.838678,'published','2025-09-26 04:35:07','https://www.chosun.com/resizer/v2/PG57YBHFLZGAHHWEYHEE5VPTEI.jpg?auth=e9df19660b642b52414b5a34d4b2d2d6b5383de13d45f23aeedb1aefa7adbd5c&width=1200&height=630&smart=true',0,4),(472,48,'조선일보','chosun.com','RIGHT','송언석 “정부조직법 졸속 개악…필리버스터로 대응”','https://www.chosun.com/politics/politics_general/2025/09/25/FVL7SF4ER5A7LOGM2VBJOCMEMA/','2025-09-25 11:20:46','',0.833719,'published','2025-09-26 04:35:07','https://www.chosun.com/resizer/v2/6IONJZQNBBO5PG2CQCFC4I6WME.JPG?auth=8c0441b479bbb6f0acb6fbbcfd98d904ad392b0d0cf85d4d79f1eb7f6f4b191d&width=1200&height=630&smart=true',0,5),(473,48,'동아일보','donga.com','RIGHT','78년만에 간판 내리는 검찰청','https://www.donga.com/news/Society/article/all/20250926/132468511/2','2025-09-26 03:00:00','검찰청을 폐지하는 정부조직법 개정안이 25일 국회 본회의에 상정됐다. 야당의 필리버스터가 강제 종료되는 26일 개정안이 국회를 통과하면 검찰청은 2026년 9월 문을 닫게 된다. 1948년 8월 정부 수립과 함께 설립된 검찰청이 78년 만에 간판을 내리는 것이다. 본회의에 상정된 정부조직법 개정안에 따르면 기존 검찰의 주요 범죄 수사 기능은 행정안전부 산하의 중대범죄수사청(중수청)으로 이전된다. 기소권은 신설되는 공소청으로 이관돼 경찰과 중수청 등이 수사한 사건을 재판에 넘길지 결정하게 된다. 개정안이 시행될 때까지 1년의 유예 기간을 두고 국무총리실과 법무부, 행안부 등 정부를 중심으로 구성될 범정부 검찰제도개혁 태스크포스(TF)에서 세부 방안을 도출할 예정이다. 현재 검찰 내 검사 정원은 약 2300명, 수사관과 실무관 등 수사 인력은 약 7800명이다. 중수청과 공소청의 구체적인 권한과 역할이 정해지는 대로 1만 명가량의 인력 재배치가 이뤄질 것으로 보인다. 검찰은 전현직 대',0.833514,'published','2025-09-26 04:35:08','https://dimg1.donga.com/wps/NEWS/IMAGE/2025/09/26/132468867.1.jpg',0,6),(474,48,'조선일보','chosun.com','RIGHT','정부조직법·방통위 폐지법, 與주도 법사위 통과','https://www.chosun.com/politics/assembly/2025/09/24/VE3NCAEDNRBGLBRRHBTD646SRU/','2025-09-24 17:42:21','',0.829776,'published','2025-09-26 04:35:10','https://www.chosun.com/resizer/v2/KLXLSTAUUXVVKYSYUNZHZFNF74.jpg?auth=4ec4b825f8d0065c823ab8367213c5801bac8e6b24bccb73239f19c9c08077d5&width=1200&height=630&smart=true',0,7),(475,48,'동아일보','donga.com','RIGHT','정청래 ‘특검법-정부조직법 합의’ 파기 부메랑… “금융개혁 후퇴”','https://www.donga.com/news/Politics/article/all/20250926/132468939/1','2025-09-26 03:00:00','더불어민주당과 정부가 25일 정부조직법 개정안에서 금융감독위원회 설치법을 빼기로 하면서 이재명 정부의 금융조직 개편안이 사실상 백지화됐다는 평가가 나온다. 야당이 필리버스터(무제한 토론)를 예고하면서 금융체계 혼란이 가중될 수 있다는 우려가 나오자 한발 물러선 것. 하지만 강성 지지층의 요구에 특검법 개정안을 수정하는 대신 금융조직 개편 관련 법안을 처리하기로 한 여야 합의를 파기한 것이 부메랑으로 돌아오면서 이재명 정부의 정부조직 개편이 시작부터 삐걱거리게 됐다는 지적이 나온다.● 혼란만 남기고 금융위-금감원 그대로민주당 한정애 정책위의장은 이날 국회에서 열린 긴급 고위 당정대 직후 열린 브리핑에서 “당정대는 당초 신속처리안건(패스트트랙)으로 처리하려 했던 금융위 정책·감독 기능 분리 및 금융소비자원 신설 등을 이번 정부조직 개편에 담지 않기로 결정했다”고 했다. 여권은 정부 출범 직후부터 국정기획위원회 등을 거치며 금융당국 개편을 조율해 왔다.민주당 핵심 관계자는 “금감위 설치법',0.826314,'published','2025-09-26 04:35:14','https://dimg1.donga.com/wps/NEWS/IMAGE/2025/09/26/132467958.3.jpg',0,8),(476,48,'조선일보','chosun.com','RIGHT','금융위·금감원 현행 유지... 이번 정부조직 개편서 뺀다','https://www.chosun.com/politics/assembly/2025/09/25/HGRJQH3XBZFHNLDOEKVVK6ZAYQ/','2025-09-25 11:09:12','',0.817815,'published','2025-09-26 04:35:19','https://www.chosun.com/resizer/v2/YCVA5A5DRJ2FVEK6JCA3OFQPPQ.jpg?auth=365aa501d5923e1daef4e9a472eff2d8c0137708f4cd713c0aef1aad538fc4d6&width=1200&height=630&focal=2133,1392',0,9),(477,48,'조선일보','chosun.com','RIGHT','박수민 의원, 필리버스터 최장 기록 경신…16시간 넘게 정부조직법 반대 토론 진행','https://www.chosun.com/economy/economy_general/2025/09/26/SNRSDL2DKKBQ5Z3ILYYRGIMUXU/','2025-09-26 11:22:03','박수민 국민의힘 의원이 역대 최장 필리버스터(무제한 토론) 기록을 경신했다. 작년 8월 ‘전국민 25만원 지원법’에 반대하기 위해 필리버스터를 하면서 본인이 기록한 15시간 50분을 넘겼다. 박 의원은 26일 오전 11시 15분 기준 16시간 43분째 필리버스터를 진행하고 있다. 박 의원은 정부여당이 추진하는 정부조직법 개정안에 반대하기 위해 전날 오후 6',0.81065,'published','2025-09-26 04:35:21','https://www.chosun.com/resizer/v2/3PLIPR2PHNQ5TGKBAT2IHHJC6E.jpg?auth=8da8076dab4e92343fc29d1528117e8a23c12b57db5c73e885a7860480869ae2&width=1200&height=630&smart=true',0,10),(478,49,'경향신문','khan.co.kr','LEFT','[사설] 상업적 합리성·통화스와프·비자, 대미 투자 최소조건이다','https://www.khan.co.kr/article/202509251810011/?utm_source=khan_rss&utm_medium=rss&utm_campaign=politic_news','2025-09-25 18:10:01','이재명 대통령이 24일(현지시간) 미국 뉴욕 주유엔대한민국대표부에서 스콧 베센트 미국 재무장관을 접견하고 있다. 연합뉴스 이재명 대통령이 24일(현지시간) 미국 뉴욕에서 스콧 베선트 미 재무장관을 만나 “한국은 경제 규모와 외환시장의 측면에서 일본과는 크게 다른 점을 고려해 협상이 이뤄져야 한다”고 말했다. 3500억달러의 대미 투자 펀드가 국내 외환시장···',0.833937,'published','2025-09-26 07:52:43','https://img.khan.co.kr/news/2025/09/25/news-p.v1.20250925.1eeff271b9e0457b9f80c05ad3ec1f08_P1.jpeg',1,0),(479,49,'경향신문','khan.co.kr','LEFT','코로나 대출 만기연장·상환유예 잔액 44조···3년 새 절반으로','https://www.khan.co.kr/article/202509251729001/?utm_source=khan_rss&utm_medium=rss&utm_campaign=economy_news','2025-09-25 17:29:00','코로나19 피해를 입은 중소기업과 소상공인들을 대상으로 대출 만기연장이나 원금·이자 상환유예를 해준 금액이 지난 6월 기준 약 44조원 남아있는 것으로 나타났다. 2022년 9월 최종 연장 당시의 절반 이하로 줄어든 규모다. 금융위원회는 25일 ‘코로나19 피해 중소기업·소상공인 만기연장·상환유예 연착륙 현황 점검회의’를 열고 금융권 자율에 따른 차주···',0.824415,'deleted','2025-09-26 04:40:01','https://img.khan.co.kr/news/2025/09/25/news-p.v1.20250905.d9f1818727264d609e4d7526c5d847ad_P1.jpg',0,2),(480,49,'경향신문','khan.co.kr','LEFT','이 대통령, 뉴욕증권거래소서 투자 세일즈···한국 대통령 최초 투자설명회 개최','https://www.khan.co.kr/article/202509252311001/?utm_source=khan_rss&utm_medium=rss&utm_campaign=politic_news','2025-09-25 23:11:00','이재명 대통령이 25일(현지시간) 미국 뉴욕 증권거래소에서 개장을 알리는 버튼을 누른 뒤 손을 흔들고 있다. 연합뉴스 유엔총회 참석차 미국을 방문한 이재명 대통령이 25일(현지시간) 뉴욕증권거래소를 찾아 한국에 대한 투자를 당부하는 한국 투자설명회(IR)인 ‘대한민국 투자 서밋’ 행사에 참석했다. 한국 대통령이 뉴욕증권거래소에서 투자설명회를 개최한 것은 ···',0.821481,'published','2025-09-26 07:52:43','https://img.khan.co.kr/news/2025/09/25/rcv.YNA.20250925.PYH2025092523520001300_P1.jpg',0,2),(481,49,'경향신문','khan.co.kr','LEFT','올해 ‘세수 펑크’ 12조5000억 전망','https://www.khan.co.kr/article/202509252111025/?utm_source=khan_rss&utm_medium=rss&utm_campaign=economy_news','2025-09-25 21:11:02','추경 석달 만에 세입 2.2조 더 낮춰 정부는 올해 예상 세수보다 실제 걷은 세금이 적은 ‘세수 결손’ 추정 규모가 석 달 전보다 약 2조원 더 늘어날 것으로 전망했다. 환율 하락에 따른 수입분 부가가치세 감소, 배달 라이더 등 소득세 환급 확대 등이 영향을 미친 것으로 분석된다. 기획재정부가 25일 발표한 ‘국세수입 전망치 재추계 결과’를 보면···',0.817874,'deleted','2025-09-26 04:40:22','https://img.khan.co.kr/spko/company/Khan_CI_180212.jpg',0,4),(482,49,'경향신문','khan.co.kr','LEFT','이 대통령, 미 재무장관 만나 “대미투자 상업적 합리성 중요”','https://www.khan.co.kr/article/202509252210035/?utm_source=khan_rss&utm_medium=rss&utm_campaign=politic_news','2025-09-25 22:10:03','“한국 경제규모·외환 인프라 달라”…‘통화스와프’ 강조 대통령실 “부처 논의 약속 받아내…관세협상 중대 분수령 될 것” 한국 정상 첫 유엔 안보리 공개토의 주재 이재명 대통령이 24일(현지시간) 미국 뉴욕 유엔본부서 한국 정상 처음으로 유엔 안전보장이사회 공개토의를 주재하고 있다.| 관련기사 4면 연합뉴스 유엔총회 참석차 미국 뉴욕을 방문 중인 ···',0.817494,'published','2025-09-26 07:52:43','https://img.khan.co.kr/news/2025/09/25/l_2025092601000807900082541.jpg',0,3),(483,49,'경향신문','khan.co.kr','LEFT','한·미 통화스와프 줄다리기···‘안전판’이지만 대규모 투자 손실 리스크엔 한계','https://www.khan.co.kr/article/202509251701001/?utm_source=khan_rss&utm_medium=rss&utm_campaign=economy_news','2025-09-25 17:01:00','구윤철 부총리 겸 기획재정부 장관이 9월 24일(현지시간) 주유엔 대한민국대표부에서 스콧 베센트 미국 재무장관과 면담을 하고 있다. 기재부 제공. 한국과 미국 정부가 ‘통화스와프 체결 여부’를 두고 줄다리기를 벌이고 있다. 통화스와프 체결은 한국의 외화 조달 부담을 덜어준다는 측면에서 대미투자를 위해 필요하지만 미국이 난색을 보이고 있다. 전문가들은 통화···',0.816022,'published','2025-09-26 07:52:43','https://img.khan.co.kr/news/2025/09/25/news-p.v1.20250925.dd23a7e6e1ec4fd4a6310859a8ddfb86_P1.jpg',0,4),(484,49,'경향신문','khan.co.kr','LEFT','통화스와프는 ‘외환 안전판’…“투자 손실 리스크는 못 막아”','https://www.khan.co.kr/article/202509252205015/?utm_source=khan_rss&utm_medium=rss&utm_campaign=economy_news','2025-09-25 22:05:01','한·미, 체결 두고 줄다리기…‘한도 정한 한시적 스와프’는 수용 가능성 전문가 “투자금 회수 못하면 환율 충격…정부, 상업적 합리성 지켜야” 구윤철, 베선트와 면담 구윤철 부총리 겸 기획재정부 장관이 24일(현지시간) 미국 뉴욕 주유엔 대한민국대표부에서 스콧 베선트 미국 재무장관과 면담하고 있다. 기획재정부 제공 한국과 미국 정부가 ‘통화스와···',0.814684,'published','2025-09-26 07:52:43','https://img.khan.co.kr/news/2025/09/25/l_2025092601000820900082501.jpg',0,5),(485,49,'오마이뉴스','ohmynews.com','LEFT','월가 거물들 만난 이 대통령 \"대한민국 이제 다 바뀔 것... 투자해달라\"','https://www.ohmynews.com/NWS_Web/View/at_pg.aspx?CNTN_CD=A0003168906','2025-09-26 07:23:09','유엔총회 참석을 위해 미국을 방문한 이재명 대통령이 25일 오전(현지시간) 뉴욕증권거래소에서 열린 \'대한민국 투자 서밋\' 행사를 열고 월가 거물들에게 대한민국에 대한 많은 관심을 요청했다. 이어 지정학적 리스크, 시장의 불확실성 등 외국인들이 한국에 투자하기 어려운 장애요인들을 하나하나 지적하고 이를 대대적으로 개선해 나가겠다고 약속했다. 행사에 앞서 이 대통령은 거래소 스크린이 온통 태극기로 뒤덮힌 가운데 종을 직접 울리는 \'링 더 벨\' 타종 행사를 하기도 했다. [사진] 태극기 뒤덮힌 뉴욕거래소... 이 대통령, 종을 울리다 이날 미국 측에서는 제인 프레이저 씨티그룹 CEO, 마르코 발라 UBS PIB, 엠마누엘 로만 핌코 CEO, 메리 에르도스 제이피모건 자산운용 CEO, 마크 나흐만 골드만삭스 자산운용 GLOBAL HEAD, 제니퍼 존슨 프랭클린 템플턴 CEO, 존 그레이 블랙스톤 COO, 마크 로완 아폴로 글로벌 CEO, 조셉 배 케이케이알 CEO, 마이클 아루게티 아레스 CEO, 조나단 토마스 아메리칸 센추리 CEO, 마크 베네데티 아디안 대표, 올란도 브라보 토마 브라보 CEO, 메흐디 마흐무드 퍼스트 이글 CEO, 제프리 하인스 하인스 CEO, 제프리 펄만 워버그 핀커스 CEO, 롭 스파이어 티시먼 스파이어 CEO, 로날드 바론 바론 캐피탈 CEO, 헨리 페르난데스 MSCI CEO, 린 마틴 뉴욕증권거래소 회장 등 월가의 거물 투자은행이나 자산운용사 대표 20여명이 참석했다. 우리측에서도 구윤철 경제부총리, 이억원 금융위원장, 이찬진 금융감독원장, 정은보 한국거래소 이사장, 김태현 국민연금공단 이사장, 박일영 한국투자공사 사장, 최태원 대한상공회의소 회장 겸 SK 회장, 현신균 LG CNS 사장, 진옥동 신한금융지주 회장, 함영주 하나금융지주 회장, 김남구 한국투자금융지주 회장, 박상진 한국산업은행장, 김이태 삼성카드 사장, 권혁웅 한화생명 부회장, 정형진 현대캐피탈 대표 등이 자리했다. \"대한민국 주가 오르고 있지만, 저개발국가보다도 저평가돼\" 이 대통령은 \"개인적으로 뉴욕 증권거래소는 꼭 한번 와보고 싶었는데 이렇게 환영해 주셔서 진심으로 감사드린다\"며 원고 없이 발언을 이어갔다. 이 대통령은 \"지금은 새로운 국제질서가 만들어지고 있고 새로운 길을 찾아 나가야 되는 혼란의 시기이기도 하지만 우리 대한민국으로서는 새로운 기회를 가지게 됐다고 생각한다\"며 우리의 시장과 경제상황에 대해 차례차례 설명해나갔다. 그는 \"선거 기간 중 제가 당선되는 것만으로도 주가지수가 3천 포인트를 넘어서게 될 것이라고 했는데 실제로는 그 이상으로 주가가 오르고 있다\"며 그러나 \"대한민국 주식시장은 저평가돼 PBR(주가순자산비율)이 1이 되지 않아 저개발국가들보다도 낮다\"고 개탄했다. 그러면서 이에는 몇 가지 원인이 있다며, ▲한반도의 지정학적 리스크 ▲불투명한 기업 지배구조 ▲시장의 불공정성 ▲정치적 불안정성 등을 꼽았다. 또한 외국인 투자자들이 한국 시장에 투자하는 데 약간의 장애 요소들도 있었는데 \"이게 이제 다 바뀔 것\"이며 \"새 정부는 몇 가지 조치를 할 계획이며 실제로 하고 있다\"고 강조했다. 이 대통령은 첫째로 시장의 불투명성, 즉 주가 조작이나 불공정 거래에 대해 아주 가혹하다 싶을 정도로 엄정하게 대응해서 결코 부당한 이득을 얻을 수 없게 \'패가망신\' 시킬 것이라고 말했다. 전체 내용보기',0.814218,'published','2025-09-26 07:52:43','https://ojsfile.ohmynews.com/CRI_T_IMG/2025/0926/A0003168906_T.jpg',0,6),(486,49,'경향신문','khan.co.kr','LEFT','[속보]대법, 부산 엘시티 개발부담금 ‘333억원 소송’ 파기환송···해운대구 손 들어줘','https://www.khan.co.kr/article/202509261119011/?utm_source=khan_rss&utm_medium=rss&utm_campaign=society_news','2025-09-26 11:19:01','부산 해운대구의 고층 아파트. 경향신문 자료사진 부산 101층 주산복합시설인 엘시티의 개발부담금을 둘러싼 333억원 규모 소송이 대법원의 파기환송으로 2심 판단을 다시 받게 됐다. 1, 2심에서 패소했던 해운대구가 시행사에 부과한 개발부담금 333억여원이 위법하지 않다는 취지다. 대법원 1부(주심 신숙희 대법관)는 26일 오전 부산도시공사가 해운대구를 ···',0.814206,'deleted','2025-09-26 04:40:27','https://img.khan.co.kr/news/2025/09/26/news-p.v1.20250708.75f691a349444a6d874c8630cf05bb29_P1.jpg',0,9),(487,49,'오마이뉴스','ohmynews.com','LEFT','박완수 지사, 우즈베키스탄서 투자 유치-산업 협력 다져','https://www.ohmynews.com/NWS_Web/View/at_pg.aspx?CNTN_CD=A0003168509','2025-09-24 18:13:47','경남도는 박완수 지사가 24일 우즈베키스탄 타슈켄트에서 미용‧의료(에스테틱 메디컬) 기업인 비엔씨 글로벌(BNC Global)과 투자유치 업무협약을 체결했다라고 밝혔다. 이번 협약은 박완수 도지사를 단장으로 한 경남대표단의 우즈베키스탄 방문 일정 중 타슈켄트 다니엘 힐 호텔에서 진행됐으며, 박 지사와 보저로브 래크맛 호미도비치(Bozorov Lakhmat Khomidovich) 회장을 비롯한 양측 관계자들이 참석했다. 협약식에서 박 지사는 \"전통적으로 제조업 중심의 산업 구조를 가진 경남이지만, 청년 일자리 문제 해결과 산업 다변화를 위해 뷰티‧메디컬 분야로의 확장은 매우 중요하다\"며 \"최근 세계적으로 미용 산업과 의료 관광에 대한 관심이 높아지는 가운데, 유망 기업인 비엔씨 글로벌과 협약을 체결하게 되어 감사하게 생각한다\"고 밝혔다. 이어 \"비엔씨 글로벌의 투자가 경남에서 반드시 성공할 수 있도록 행정적 지원을 아끼지 않겠다\"고 덧붙였다. 전체 내용보기',0.814097,'deleted','2025-09-26 04:40:28','https://ojsfile.ohmynews.com/BIG_IMG_FILE/2025/0924/IE003527352_BIG.jpg',0,10),(488,49,'조선일보','chosun.com','RIGHT','한국투자증권, 글로벌 사업 경력직 공개 채용','https://www.chosun.com/economy/stock-finance/2025/09/26/MITYEOIIOMGRCAISHGCGO75Q7I/','2025-09-26 09:59:28','한국금융지주 자회사 한국투자증권은 글로벌 사업 모든 부문에서 경력직 공개 채용을 진행한다고 26일 밝혔다. 해외 사업 확대와 발맞춰 전문 인력을 확보하기 위한 목적이다. 모집 분야는 ▲뉴욕·홍콩 거점 관리 및 영업 지원 ▲베트남·인도네시아 현지 법인 사업 관리 ▲해외 법무 지원 ▲서남아시아 사업 기획 ▲해외 기업금융(IB) 및 대체 투자 ▲대체 상품 소싱',0.829978,'deleted','2025-09-26 04:39:39','https://www.chosun.com/resizer/v2/OOMK3CAWEVIHHQS55RWBMNS66Y.jpg?auth=d5cbd3cd7ce5e572974ecf33420bee7d528f8c55c031b7c8083d77679e9d445f&width=1200&height=630&smart=true',0,1),(489,49,'중앙일보','joongang.co.kr','RIGHT','3500억 달러 청구서…“협상때와 말바뀌었다”','https://news.google.com/rss/articles/CBMiVkFVX3lxTE0zejNnNFFrR1h3YmxIV09RN2NNMXVTQzZ4MERralFMODE4eUUxS1lzZVpGX3lMQkhoNk5BYUFoUS0yMjdsNXhsam5jOUVaeXhNd1VmV1dR?oc=5&hl=en-US&gl=US&ceid=US:en','2025-09-26 01:42:26','3500억 달러 청구서…“협상때와 말바뀌었다” &nbsp;&nbsp; 중앙일보',0.829817,'published','2025-09-26 04:51:13','https://lh3.googleusercontent.com/J6_coFbogxhRI9iM864NL_liGXvsQp2AupsKei7z0cNNfDvGUmWUy20nuUhkREQyrpY4bEeIBuc=s0-w300',0,2),(490,49,'조선일보','chosun.com','RIGHT','투자회사 대표 도주에 충격먹었던 이 창투사… 그래도 괜찮다, 비만약주 초기 투자해서','https://www.chosun.com/economy/stock-finance/2025/09/26/RDBW5A6PPFCNTR2QIRTB3K5XBU/','2025-09-26 10:00:00','이 기사는 2025년 9월 23일 16시 19분 조선비즈 머니무브(MM) 사이트에 표출됐습니다. 국내 벤처캐피털(VC) 큐더스벤처스가 투자한 다이어트 경구치료제 바이오텍 디앤디파마텍의 주가가 연일 고공행진하며 잭팟 기대감이 커지고 있다. 큐더스벤처스가 초기 투자자로 참여한 시각장애인용 인공지능(AI) 콘텐츠 제작 스타트업 센시(SENSEE)의 대표이사 횡령',0.824904,'deleted','2025-09-26 04:39:43','https://www.chosun.com/resizer/v2/FRGIGJRWZRGZ2ARPE5S7SNCDVQ.jpg?auth=0c4fdb758405b30c1e7ab8358503c96038686500fb9070ef0ee999c907ec584f&width=1200&height=630&smart=true',0,3),(491,49,'중앙일보','joongang.co.kr','RIGHT','트럼프 \"韓 대미투자금 3500억 달러는 선불\"…\'일본식\' 합의 압박','https://news.google.com/rss/articles/CBMiVkFVX3lxTE8xaXJldklwUnQyRDNyUFJsdV91VUdYbWlqckNTVm9leGRyeWpoNTNxY3dFWDd1Qk13MG1ET0JuS2FLc3VnbU1ZMFRaLWwzN1d6NnkxLUNR?oc=5&hl=en-US&gl=US&ceid=US:en','2025-09-26 05:49:27','트럼프 \"韓 대미투자금 3500억 달러는 선불\"…\'일본식\' 합의 압박 &nbsp;&nbsp; 중앙일보',0.820816,'published','2025-09-26 07:52:43','https://lh3.googleusercontent.com/J6_coFbogxhRI9iM864NL_liGXvsQp2AupsKei7z0cNNfDvGUmWUy20nuUhkREQyrpY4bEeIBuc=s0-w300',0,5),(492,49,'중앙일보','joongang.co.kr','RIGHT','단 둘이서 \"140조 투자\" 결정했다…AI가 깨운 \'빅 보스\' 시대','https://news.google.com/rss/articles/CBMiVkFVX3lxTFBjTG9ycWFuUXhWNnZ1Nl83cTJVWG4yN1lmRE9nR0U1aVZIT21JR00xYlZxLWtZeG9rZnl3blBmbmUtTjBiTFRzaFVmTUF6cFRnSDZzcTln?oc=5&hl=en-US&gl=US&ceid=US:en','2025-09-25 05:00:00','단 둘이서 \"140조 투자\" 결정했다…AI가 깨운 \'빅 보스\' 시대 &nbsp;&nbsp; 중앙일보',0.819604,'deleted','2025-09-26 04:39:46','https://lh3.googleusercontent.com/J6_coFbogxhRI9iM864NL_liGXvsQp2AupsKei7z0cNNfDvGUmWUy20nuUhkREQyrpY4bEeIBuc=s0-w300',0,5),(493,49,'동아일보','donga.com','RIGHT','코로나 피해 소상공인 대출 잔액 3년새 100조→44조','https://www.donga.com/news/Economy/article/all/20250925/132466566/2','2025-09-26 03:00:00','신종 코로나바이러스 감염증(코로나19) 확산으로 경영난에 처해 만기 연장, 상환 유예 등 대출 지원을 받은 중소기업·소상공인 차주가 올 6월 기준 약 21만 명으로 집계됐다. 이들이 갚아야 할 대출금은 약 44조 원이다. 금융위원회는 25일 금융권 관계자들과 점검 회의를 열고 남은 차주들의 대출 상환을 어떻게 지원할 수 있을지를 논의했다. 금융위에 따르면 대출 지원이 된 잔액과 차주는 2022년 9월 대출 최종 연장 당시 100조1000억 원, 43만4000명이었지만 각각 56%, 51.6% 줄었다. 금융권은 2020년 4월부터 코로나19로 어려움을 겪는 중소기업·소상공인에 대해 대출 만기를 연장해 주고 원금·이자 상환을 유예했다. 이 같은 지원을 받은 대출의 만기는 대부분 올해 9월 이후로 분산돼 있어 만기 도래에 따른 금융권 부담은 작을 것으로 보인다. 만기가 연장된 대출 중 이달 만기가 도래하는 대출은 최대 1조7000억 원 수준인 것으로 집계됐다. 이들 대부분 연체가 없어 만',0.818565,'deleted','2025-09-26 04:40:47',NULL,0,6),(494,49,'중앙일보','joongang.co.kr','RIGHT','대통령실 참모 평균재산 22억…열 중 넷은 강남3구에 부동산 [고위공직자 재산공개]','https://news.google.com/rss/articles/CBMiVkFVX3lxTE1LWjVHYnJRRkpaWUVJeVV4YXBQdngtVlh6ZnMwQVY1V21hc0ZJaDZERFB5NFdTU2VoRk5VMEdKcDRnZnU3SG9pMXZkazIxWjNnVEpya3JB?oc=5&hl=en-US&gl=US&ceid=US:en','2025-09-26 00:00:00','대통령실 참모 평균재산 22억…열 중 넷은 강남3구에 부동산 [고위공직자 재산공개] &nbsp;&nbsp; 중앙일보',0.818297,'deleted','2025-09-26 04:51:02','https://lh3.googleusercontent.com/J6_coFbogxhRI9iM864NL_liGXvsQp2AupsKei7z0cNNfDvGUmWUy20nuUhkREQyrpY4bEeIBuc=s0-w300',0,7),(495,49,'조선일보','chosun.com','RIGHT','대통령실 특활비, 역대 정부 중 첫 공개... 3개월간 4억6000만원','https://www.chosun.com/politics/politics_general/2025/09/23/VR7RQFBHAZABRCXHFZPCLG5YVI/','2025-09-23 16:13:25','',0.817695,'deleted','2025-09-26 04:49:26','https://www.chosun.com/resizer/v2/S4LEHSXBRKDBE2ZU7ZZ2VTSGN4.jpg?auth=170ef9338a83207ba0e5ceed695f240917671723cc3fedc1ec17dc1daf543bfa&width=1200&height=630&smart=true',0,8),(496,49,'중앙일보','joongang.co.kr','RIGHT','[함께하는 금융] 상생 가치 실천하는 사회공헌활동 앞장','https://news.google.com/rss/articles/CBMiVkFVX3lxTFBnc001dGw4dHlTMjNJWXk0SzhodWgyX0lLcXdZZTlvcW1jZEhMOExUdGF2dmlyV21Ga0h3eFI4WjBYOVljaTZ4QnVkWHc1Q3AtY1hKZ2FR?oc=5&hl=en-US&gl=US&ceid=US:en','2025-09-24 05:30:00','[함께하는 금융] 상생 가치 실천하는 사회공헌활동 앞장 &nbsp;&nbsp; 중앙일보',0.81731,'deleted','2025-09-26 04:39:52','https://lh3.googleusercontent.com/J6_coFbogxhRI9iM864NL_liGXvsQp2AupsKei7z0cNNfDvGUmWUy20nuUhkREQyrpY4bEeIBuc=s0-w300',0,9),(497,49,'조선일보','chosun.com','RIGHT','[주식 매매 상위 종목 및 환율] 2025년 9월 25일자','https://www.chosun.com/economy/stock-finance/2025/09/26/DMEAYABZDRE6NGLAOLJ3PRGG6I/','2025-09-26 00:35:00','',0.817137,'deleted','2025-09-26 04:39:54','https://www.chosun.com/resizer/v2/H33YYRHVBRAHXASUPFLPYDNKVA.jpg?auth=c426fc05a87e2c3aedacce8651d0afa883d3a59b167461b87b2dad9be06b4cf2&width=300&height=157&smart=true',0,10),(498,49,'한겨레','hani.co.kr','LEFT','이 대통령, 뉴욕증권거래소에서 ‘한국투자 설명회’ 나섰다','https://www.hani.co.kr/arti/politics/politics_general/1220806.html','2025-09-26 00:41:00','',0.813249,'published','2025-09-26 04:49:44','https://flexible.img.hani.co.kr/flexible/normal/970/646/imgdb/original/2025/0926/20250926500020.webp',0,1),(499,49,'한겨레','hani.co.kr','LEFT','고난은 성장동력, 초인의 ‘운명애’ [.txt]','https://www.hani.co.kr/arti/culture/book/1220830.html',NULL,'',0.813112,'deleted','2025-09-26 04:51:06','https://flexible.img.hani.co.kr/flexible/normal/500/694/imgdb/original/2025/0926/20250926500257.webp',0,2),(500,49,'경향신문','khan.co.kr','LEFT','청약 접수 43%가 서울…쏠림 최고조','https://www.khan.co.kr/article/202509252111035/?utm_source=khan_rss&utm_medium=rss&utm_campaign=economy_news','2025-09-25 21:11:03','서울 1순위 평균 경쟁률 132.9 대 1 공급 부족 방증…시장 과열 가능성 전국 청약자의 거의 절반이 서울로 몰리며 20여년 만에 청약 시장의 서울 쏠림이 최고조에 이른 것으로 나타났다. 부동산 전문 리서치업체 리얼투데이가 25일 내놓은 자료를 보면, 올해 들어 지난 19일까지 전국 1순위 청약 접수 건수는 45만3548건으로 집계됐다. ···',0.810463,'deleted','2025-09-26 04:49:30','https://img.khan.co.kr/spko/company/Khan_CI_180212.jpg',0,3),(501,49,'경향신문','khan.co.kr','LEFT','신세계그룹 건설·면세점 등 8개사 대표 물갈이…임원 44%가 40대','https://www.khan.co.kr/article/202509261212001/?utm_source=khan_rss&utm_medium=rss&utm_campaign=economy_news','2025-09-26 12:12:00','신세계 그룹 신세계그룹이 건설과 면세점 등 8개 계열사 대표를 전면 물갈이했다. 박주형 신세계백화점 대표와 정유경 ㈜신세계 회장의 남편인 문성욱 시그나이트(벤처캐피탈 계열사) 대표는 부사장에서 사장으로 승진했다. 신세계그룹은 이같은 내용이 담긴 2026년 정기 임원인사를 26일 단행했다. 박주형 신세계백화점 대표는 이번에 사장으로 승진하면서 미래 성장···',0.808683,'deleted','2025-09-26 04:49:29','https://img.khan.co.kr/news/2025/09/26/news-p.v1.20250926.0f093aff948e4a40be38d2aecd021e52_P1.jpg',0,4),(502,49,'조선일보','chosun.com','RIGHT','방시혁은 정말 투자자들 속이고 2000억원을 가로챘나','https://www.chosun.com/economy/money/2025/09/26/FZGNVTQRRZFTFAATIBN4FQ2KVE/','2025-09-26 05:50:00','',0.815289,'deleted','2025-09-26 04:49:55','https://www.chosun.com/resizer/v2/XD5AAFVDRU3AFOCWK5O2XQSOUY.jpg?auth=bfb8f76f930c93764d85c50eb7c8716c20b36534ea331e12f5489579a2036edd&width=1200&height=630&smart=true',0,1),(503,49,'조선일보','chosun.com','RIGHT','자본금 1600만원 회사, 수백억 부동산 사들여…노재헌 재테크의 비법은','https://www.chosun.com/economy/realty/realestate_news/2025/09/26/VGLGEXBCQAR357ROHRJU4KO3CU/','2025-09-26 10:00:00','[땅집고] 서울 종로구 가회동. 지하철 3호선 안국역에서 북촌으로 10여 분쯤 걸어가면 붉은 벽돌 외관의 지하 1층~지상 4층 건물이 눈에 들어온다. 세계적인 지휘자 정명훈 씨가 2009년부터 14년간 보유했던 빌딩이다. 가압류 논란으로 화제가 된 이 건물을 2023년 140억원에 매각했다. 매입한 법인은 바로 ‘네오트라이톤’. 이 법인 최대주주는 노태',0.814339,'deleted','2025-09-26 04:49:58','https://www.chosun.com/resizer/v2/LHT6FTW2PSFDFTXMIFJWPU2NZQ.jpg?auth=1a2301f06c3fa38efc86468a19b361495e9f9dee60d88da4b388ca81666b0896&width=600&height=315&smart=true',0,2),(504,49,'중앙일보','joongang.co.kr','RIGHT','이중섭 ‘소와 아동’, 70년 만에 경매…35억2000만원에 낙찰','https://news.google.com/rss/articles/CBMiVkFVX3lxTFBTR3QyZnh1eDloeWZtaHVRWDYtTjhCUjJUTkJEUjlvTWJhMEdta2ZXeTRlNTZ2dEl0YW13Mk9QS0tOVGJqekVRSW54R1pjeS1JM1ZPR1dR?oc=5&hl=en-US&gl=US&ceid=US:en','2025-09-24 17:53:05','이중섭 ‘소와 아동’, 70년 만에 경매…35억2000만원에 낙찰 &nbsp;&nbsp; 중앙일보',0.813866,'deleted','2025-09-26 04:50:44','https://lh3.googleusercontent.com/J6_coFbogxhRI9iM864NL_liGXvsQp2AupsKei7z0cNNfDvGUmWUy20nuUhkREQyrpY4bEeIBuc=s0-w300',0,3),(505,49,'중앙일보','joongang.co.kr','RIGHT','트럼프 탐내는 이유있다, 中만큼 자원 무궁무진한 \'북극권 중심\' [창간 60년-신패권 전장]','https://news.google.com/rss/articles/CBMiVkFVX3lxTE5ybXV6QjdJalE2Y2h1TjExZFh4Zmt4QWVjRHAxWXZIODh1MTBQOXhnRXBKa2x0aUl3Rnl1UVBTN1ZEdktRYmkwQWM5YjhOMVVINk1BMUhR?oc=5&hl=en-US&gl=US&ceid=US:en','2025-09-24 05:00:04','트럼프 탐내는 이유있다, 中만큼 자원 무궁무진한 \'북극권 중심\' [창간 60년-신패권 전장] &nbsp;&nbsp; 중앙일보',0.813216,'deleted','2025-09-26 04:51:00','https://lh3.googleusercontent.com/J6_coFbogxhRI9iM864NL_liGXvsQp2AupsKei7z0cNNfDvGUmWUy20nuUhkREQyrpY4bEeIBuc=s0-w300',0,4),(506,49,'동아일보','donga.com','RIGHT','WSJ “러트닉, 韓에 투자금 3500억달러에서 더 늘리라 요구”','https://www.donga.com/news/Inter/article/all/20250926/132469692/2','2025-09-26 09:55:00','한미 관세협상이 교착 상태에 빠진 가운데, 미국 정부가 올 7월 합의한 대미 투자금을 더 늘리도록 한국 정부를 압박하고 있다는 외신보도가 나왔다. 애초 한미 양국은 한국이 미국에 3500억 달러(약 495조 원)를 투자하기로 합의했는데, 미국이 이 투자금을 늘려 일본 수준(5500억 달러)에 근접해야 한다는 요구를 한다는 것이다. 월스트리트저널은 25일(현지시간) 하워드 러트닉 미 상무장관이 최근 양국이 합의한 3500억 달러보다 더 많은 대미 투자금을 한국 정부에 요구하고 있다고 보도했다. 최종 투자금은 일본이 미국에 약속한 5500억 달러 수준에 가까워질 수 있다고도 했다. 여기에 미국 정부는 투자금을 대출 방식이 아닌 현금을 직접 투입하는 방안을 고수하고 있다고도 전했다. 이번 관세협상을 주도하는 핵심 인물 중 하나인 러트닉 장관은 한국과의 관세협정은 일본과 맺은 조건과 동일하거나 이에 근접하는 수준이 돼야 할 것이라고 주장하고 있다. 일본은 미국에 5500억 달러를',0.812768,'published','2025-09-26 07:52:43','https://dimg1.donga.com/wps/NEWS/IMAGE/2025/09/26/132253909.3.png',1,0),(507,49,'중앙일보','joongang.co.kr','RIGHT','트럼프의 아르헨티나 사랑…韓에 시큰둥한 통화스와프 꺼냈다','https://news.google.com/rss/articles/CBMiVkFVX3lxTFBsT29kRXpkY2JrMTB2Tk9neXZTNG5RSVZYQ1B4em4ybzVReGJNQUpIMWdwVDdkdWhfQnFjVy1EX2M2T2o5a1h2TklrOTF1OElERHA5RjlB?oc=5&hl=en-US&gl=US&ceid=US:en','2025-09-24 16:59:01','트럼프의 아르헨티나 사랑…韓에 시큰둥한 통화스와프 꺼냈다 &nbsp;&nbsp; 중앙일보',0.812309,'deleted','2025-09-26 04:51:01','https://lh3.googleusercontent.com/J6_coFbogxhRI9iM864NL_liGXvsQp2AupsKei7z0cNNfDvGUmWUy20nuUhkREQyrpY4bEeIBuc=s0-w300',0,6),(508,47,'조선일보','chosun.com','RIGHT','[단독] 금융위, 롯데카드 영업정지 6개월·과징금 50억 부과 검토','https://www.chosun.com/economy/stock-finance/2025/09/26/ZKMMKCWTZMKVG2OM5PWMPEGHSY/','2025-09-26 10:31:37','금융위원회가 해킹 사태로 회원 개인정보가 유출된 롯데카드에 대해 영업정지 6개월과 과징금 50억원을 부과하는 안을 검토하고 있다. 이는 현행법상 금융사에 내릴 수 있는 최대 수준의 제재다. 금융위는 이번 사안과 관련해 롯데카드 임원에 대한 해임 권고와 일선 직원 면직 요구까지 거론 중이다. 26일 윤한홍 국민의힘 의원실에 따르면 금융위는 금융감독원 검사에서',0.838027,'published','2025-09-26 04:54:32','https://www.chosun.com/resizer/v2/Q56MGJ4A3EPNV7F75RUZHBKVDU.jpg?auth=2dcecdea1ebaefd823241e95988636b83aa74446ff5b656da2c7ee7d673d1d53&width=1200&height=630&smart=true',0,1),(509,47,'동아일보','donga.com','RIGHT','롯데온, ‘윈윈 아너스’ 기념패 수상… 중기‧소상공인 상생 우수사례','https://www.donga.com/news/Economy/article/all/20250926/132469849/1','2025-09-26 10:14:57','롯데쇼핑의 e커머스 플랫폼 롯데온(LOTTE ON)이 중소기업·소상공인과의 상생 노력을 인정받았다.롯데온은 지난 25일 중소벤처기업부가 주관하고 대중소기업농어업협력재단이 수행하는 ‘윈윈 아너스’에서 우수사례로 선정돼 기념패를 수상했다고 26일 밝혔다.롯데온은 2021년부터 중소기업·소상공인 상생협력 프로젝트인 ‘ON DREAM(온드림)’ 프로젝트를 추진하고 있다. 좋은 제품을 보유하고 있지만 이커머스 유통 노하우가 부족해 판매에 어려움을 겪고 있는 중소기업·소상공인을 지원하는 프로그램으로, 이커머스 입점부터 운영 교육, 전용 기획전, 홍보 영상 노출 등 온라인 판매 전 과정을 돕고 있다.이번 수상은 국내산 꼬막을 원재료로 한 ‘바담가 꼬막무침’을 판매하는 해진식품을 발굴하면서 이뤄졌다. 롯데온은 경상남도, 경남투자경제진흥원과 협력해 해진식품을 발굴한 후 기획전 등 여러 행사를 통해 바담가 꼬막무침을 알렸다. 쿠폰, 배너, 상설관 등 온라인 마케팅 판촉을 지원하면서 기획전 기간 해진식',0.802633,'deleted','2025-09-26 04:54:43','https://dimg1.donga.com/wps/NEWS/IMAGE/2025/09/26/132469841.2.jpg',0,2),(510,47,'동아일보','donga.com','RIGHT','트럼프 “선불” 발언에 외화유출 우려…환율 1410원대 상승','https://www.donga.com/news/Economy/article/all/20250926/132470400/1','2025-09-26 13:36:00','원-달러 환율이 4달 만에 장중 1410원대로 올랐다.26일 서울 외환시장에서 원-달러 환율은 오전 11시 30분 기준으로 전날 주간 거래 종가(오후 3시 30분 기준)보다 10.4원 오른 1411.0원에 거래되고 있다. 주간 거래에서 장중 1410원대를 넘은 것은 5월 15일(1412.1원) 이후 이번이 처음이다. 25일 주간 거래 종가 기준으로 심리 저항선인 1400원을 넘긴 지 하루 만에 다시 1410원대에 진입한 것이다.환율이 급등한 데에는 한미 관세 합의에 따른 3500억 달러(약 450조 원)의 대미 투자금 논란이 영향을 미쳤다. 도널드 트럼프 미국 대통령이 이에 대해 25일(현지 시간) “그것은 선불”이라고 강조하자 외화 유출에 대한 시장의 우려가 커졌다. 더군다나 월스트리트저널(WSJ)은 이날 하워드 러트닉 미국 상무장관이 한국 측에 대미 투자 금액을 7월 구두 합의에 따른 3500억 달러에서 더 늘리라고 압박하고 있다고 보도하기도 했다.미국의 요구대로 3500억 달러',0.797238,'suggested','2025-09-26 04:53:34','https://dimg1.donga.com/wps/NEWS/IMAGE/2025/09/26/132470763.1.jpg',0,3),(511,47,'조선일보','chosun.com','RIGHT','구로역 사망·KTX-산천 탈선 사고에 과징금… 코레일 15억원 제재','https://www.chosun.com/economy/economy_general/2025/09/26/UZ5Z467MEMAJZXETEFU562BCHM/','2025-09-26 10:12:12','국토교통부가 지난해 발생한 구로역 작업자 사망사고와 KTX-산천 탈선 등 안전사고의 책임을 물어 한국철도공사(코레일)에 총 15억원의 과징금을 부과했다. 26일 국토부는 지난 25일 행정처분심의위원회를 열고 철도 안전관리 체계 위반 7건에 대해 이 같은 처분을 의결했다고 밝혔다. 먼저 지난해 8월 9일 서울 구로역에서 전차선 보수 작업을 하던 근로자 2명이',0.783899,'suggested','2025-09-26 04:53:34','https://www.chosun.com/resizer/v2/WNSJTWLTUQPPBVVQECLGPBMJ5A.jpg?auth=28a914ea008ff88fcdb17517344aa465f96b9c8e0614876cd0c8348e6184aad8&width=1200&height=630&smart=true',0,4),(512,47,'동아일보','donga.com','RIGHT','공정 94%… APEC 21개국 정상 모일 HICO 막바지 작업','https://www.donga.com/news/Politics/article/all/20250926/132467789/2','2025-09-26 03:00:00','“역대 가장 완벽한 APEC, 경상북도 경주시와 함께합니다.” 24일 KTX 경주역에서 버스로 30분을 달려 도착한 경북 경주 화백컨벤션센터(HICO). 다음 달 말 도널드 트럼프 미국 대통령과 시진핑 중국 국가주석 등 21개국 정상들과 대표단이 모일 이곳은 신라시대 누각을 모방한 곡선 디자인을 뽐내고 있었다. 정상회의가 열릴 2, 3층 대회의장 유리창 전면은 신라의 상징 천마도가 휘감은 모습이었다.● 94%까지 오른 공정… 내부는 공사 중 제32차 아시아태평양경제협력체(APEC) 정상회의를 37일 앞둔 이날 언론에 처음 공개된 HICO 내부는 화려한 외관과 달리 공사가 한창이었다. 각국 정상을 수행하는 실무대표단이 사용할 1층은 곳곳에 공사 자재들과 박스 더미들로 가득했다. APEC 참석자들의 눈길을 사로잡을 대형 발광다이오드(LED) 비디오월은 인부들이 리프트를 탄 채 디스플레이 패널을 하나하나 붙여 나가고 있었다. 다음 달 31일과 11월 1일 이틀간 정상회의장으로 사용될 2,',0.766626,'suggested','2025-09-26 04:53:34','https://dimg1.donga.com/wps/NEWS/IMAGE/2025/09/26/132465161.5.jpg',0,5),(513,49,'한겨레','hani.co.kr','LEFT','복수·집착 아닌 ‘진짜 끝맺음’을 위해 [.txt]','https://www.hani.co.kr/arti/culture/book/1220828.html',NULL,'',0.807695,'deleted','2025-09-26 04:58:31','https://flexible.img.hani.co.kr/flexible/normal/458/764/imgdb/original/2025/0926/20250926500249.webp',0,1),(514,49,'한겨레','hani.co.kr','LEFT','‘구로역 작업자 사상사고’ 코레일에 과징금 15억원 부과','https://www.hani.co.kr/arti/economy/economy_general/1220819.html',NULL,'',0.807382,'deleted','2025-09-26 04:58:33','https://flexible.img.hani.co.kr/flexible/normal/640/430/imgdb/original/2025/0925/20250925504407.webp',0,2),(515,49,'경향신문','khan.co.kr','LEFT','[단독]지난해 산재 피해 환경미화원 8400여명···질병 사망이 54%','https://www.khan.co.kr/article/202509251725001/?utm_source=khan_rss&utm_medium=rss&utm_campaign=society_news','2025-09-25 17:25:00','전국민주일반노조·녹색당·정의당·노동당과 시민사회단체 관계자들이 25일 서울 강서구청 앞에서 환경미화원 등 잇따른 노동자 사망에 대한 구청의 책임을 묻는 기자회견을 하고 있다. 이준헌 기자 산업재해를 입은 환경미화원이 최근 5년간 꾸준히 늘어난 것으로 나타났다. 지난해 한 해에만 환경미화원 8400여명이 죽거나 다쳤다. 업무 중 사망한 경우는 질병으로 인한···',0.807355,'deleted','2025-09-26 04:58:35','https://img.khan.co.kr/news/2025/09/25/news-p.v1.20250925.2b029aa227c74523b498d94fdd7be831_P1.jpeg',0,3),(516,49,'동아일보','donga.com','RIGHT','관세협상 ‘3500억달러’ 불확실성에 환율 1410원도 돌파','https://www.donga.com/news/Economy/article/all/20250926/132470358/1','2025-09-26 11:41:00','미국의 견조한 경제지표가 확인되며 기준금리 인하 기대감이 낮아지자 달러가 강세를 보이고 있다. 한미 관세협상 불확실성까지 더해지며 달러·원 환율은 심리적 저항선인 1400원대를 이미 넘은 데 이어 1410원까지 돌파했다.26일 서울 외환시장에 따르면 달러·원 환율은 전 거래일 종가 대비 8.4원 오른 1409원에 출발했다. 이날 오전 11시 15분 기준으로는 더 올라 1411원대에 거래 중이다.환율이 장중 1410원을 넘은 건 지난 5월 15일(1412.1원) 이후 4개월 만에 처음이다.도널드 트럼프 미국 대통령이 “한국의 대미투자금 3500억달러는 ‘선불’”이라고 언급해 한미 관세협상 불확실성이 고조됐다.간밤 미국 경제지표는 호조세를 보였다. 미국의 2분기 GDP는 잠정치 대비 0.5%포인트(p) 상향 조정된 3.8%를 기록했다. 지난 2023년 3분기 이후 가장 높은 성장률이다.상향 조정 배경도 수출입이 아닌 소비와 투자 증가였으며, 기저 내수를 확인할 수 있는 민간소비도 1.9',0.81154,'published','2025-09-26 04:57:44','https://dimg1.donga.com/wps/NEWS/IMAGE/2025/09/26/132470534.1.jpg',0,1),(517,49,'동아일보','donga.com','RIGHT','70년만에 나온 이중섭 ‘소와 아동’ 35억에 낙찰','https://www.donga.com/news/People/article/all/20250925/132459313/2','2025-09-25 03:00:00','‘국민 화가’ 이중섭(1916∼1956·사진)의 최고 걸작 중 하나로 꼽히는 ‘소와 아동’이 24일 경매에서 35억2000만 원에 낙찰됐다. 지금까지 거래된 이중섭 작품의 경매가 가운데 두 번째로 높은 가격이다. 이날 서울 강남구 케이옥션 본사에서 열린 9월 경매에서 ‘소와 아동’은 시작가 25억 원에 출품돼 35억2000만 원에 낙찰됐다. 기존 이중섭 작품 중 가장 비싸게 팔린 것은 2018년 서울옥션에서 47억 원에 낙찰된 ‘소’로, 이번 작품이 기존 기록을 경신할 수 있을지 관심이 모인 바 있다. ‘소와 아동’은 2021년 서울옥션에서 15억5000만 원에 낙찰된 ‘가족’을 뛰어넘어 이중섭의 작품 중 두 번째로 경매가가 높은 작품이 됐다. 낙찰자의 신원은 알려지지 않았다. 1954년 제작된 ‘소와 아동’은 가로 64.5cm, 세로 29.8cm 크기의 화폭에 소와 아이가 뒤엉켜 노는 장면을 묘사한 작품이다. 이중섭 생전에 개최했던 1955년 미도파 화랑 전시에서 공개된 이후 한',0.811197,'deleted','2025-09-26 04:57:47','https://dimg1.donga.com/wps/NEWS/IMAGE/2025/09/25/132457027.5.jpg',0,2),(518,49,'중앙일보','joongang.co.kr','RIGHT','트럼프, 54분 자화자찬…본인 빼고 다 때렸다','https://news.google.com/rss/articles/CBMiVkFVX3lxTE8zdWl0bUZaVzRXbGVRN1U0TmstQlhXSmt4UzNMWTJQbnoxVVV0VWE2VGhqcVg3MHg5WlA3cjdrSVotVEJrQmVQWWZGNVVmR0tDM1dKSUl3?oc=5&hl=en-US&gl=US&ceid=US:en','2025-09-25 01:29:21','트럼프, 54분 자화자찬…본인 빼고 다 때렸다 &nbsp;&nbsp; 중앙일보',0.809281,'published','2025-09-26 07:52:43','https://lh3.googleusercontent.com/J6_coFbogxhRI9iM864NL_liGXvsQp2AupsKei7z0cNNfDvGUmWUy20nuUhkREQyrpY4bEeIBuc=s0-w300',0,4),(519,49,'중앙일보','joongang.co.kr','RIGHT','북극개척 힘 싣는 李 정부, 5500억 들여 북극항로 뚫는다 [창간 60년-신패권 전장]','https://news.google.com/rss/articles/CBMiVkFVX3lxTE1YTTBTQ05iRFYtSkp6N3JNSlFrYnYxTnFtWjZXTWRpT0hxQW1oc3J5bjVtZTBkMTMwbTZ3ZkVkdmluVUJjdWZWTWczRTc5S3NLZ2wwQXJB?oc=5&hl=en-US&gl=US&ceid=US:en','2025-09-26 05:00:01','북극개척 힘 싣는 李 정부, 5500억 들여 북극항로 뚫는다 [창간 60년-신패권 전장] &nbsp;&nbsp; 중앙일보',0.809245,'deleted','2025-09-26 04:58:22','https://lh3.googleusercontent.com/J6_coFbogxhRI9iM864NL_liGXvsQp2AupsKei7z0cNNfDvGUmWUy20nuUhkREQyrpY4bEeIBuc=s0-w300',0,4),(520,49,'중앙일보','joongang.co.kr','RIGHT','로또 30억, 아직 주인 못 찾았다…40여일 뒤엔 국고 귀속','https://news.google.com/rss/articles/CBMiVkFVX3lxTFBjYXhwcHJ5R3l5blk1X3Z0b1M5Wk94SmhqSU9FSjJ3S0RFdWtoTXJhTm1TTHBRNkhtUWI5ZF95TWRGdVpHekpEODFwdTVfTzJYaVUzOXdn?oc=5&hl=en-US&gl=US&ceid=US:en','2025-09-26 06:17:27','로또 30억, 아직 주인 못 찾았다…40여일 뒤엔 국고 귀속 &nbsp;&nbsp; 중앙일보',0.808974,'deleted','2025-09-26 04:58:25','https://lh3.googleusercontent.com/J6_coFbogxhRI9iM864NL_liGXvsQp2AupsKei7z0cNNfDvGUmWUy20nuUhkREQyrpY4bEeIBuc=s0-w300',0,5),(521,49,'조선일보','chosun.com','RIGHT','국토부, 1기 신도시 정비 속도↑…임기 내 6.3만가구 착공한다','https://www.chosun.com/economy/realty/redevelop/2025/09/26/46CPSLHHKSQDNJR7LWLNYFVNL4/','2025-09-26 11:40:11','[땅집고] 정부가 내년까지 1기 신도시의 구역지정 물량 한도를 기존 2만6000가구에서 7만가구까지 확대할 방침이다. 26일 국토교통부가 새 정부 주택공급 확대 방안의 후속 조치로 1기 신도시 정비사업 후속사업을 본격 추진한다고 밝혔다. 국토부는 지난 25일 서울에서 경기도 및 고양특례시, 성남시, 부천시, 안양시, 군포시 등 1기 신도시와 협의체를 개최했',0.807879,'deleted','2025-09-26 04:58:27','https://www.chosun.com/resizer/v2/YC5TT553JWDTLQGIDFAEVVP3LU.jpg?auth=62f8e20872490e1a8a71b045b2af1405ca953e1ad5b88686423ba703d15c2f1e&width=600&height=315&smart=true',0,6),(522,49,'조선일보','chosun.com','RIGHT','구로역 사망·KTX-산천 탈선 사고에 과징금… 코레일 15억원 제재','https://www.chosun.com/economy/economy_general/2025/09/26/UZ5Z467MEMAJZXETEFU562BCHM/','2025-09-26 10:12:12','국토교통부가 지난해 발생한 구로역 작업자 사망사고와 KTX-산천 탈선 등 안전사고의 책임을 물어 한국철도공사(코레일)에 총 15억원의 과징금을 부과했다. 26일 국토부는 지난 25일 행정처분심의위원회를 열고 철도 안전관리 체계 위반 7건에 대해 이 같은 처분을 의결했다고 밝혔다. 먼저 지난해 8월 9일 서울 구로역에서 전차선 보수 작업을 하던 근로자 2명이',0.807446,'deleted','2025-09-26 04:58:29','https://www.chosun.com/resizer/v2/WNSJTWLTUQPPBVVQECLGPBMJ5A.jpg?auth=28a914ea008ff88fcdb17517344aa465f96b9c8e0614876cd0c8348e6184aad8&width=1200&height=630&smart=true',0,7),(523,49,'경향신문','khan.co.kr','LEFT','‘역대급 규모’ 제30회 부산국제영화제 오늘 폐막','https://www.khan.co.kr/article/202509261355001/?utm_source=khan_rss&utm_medium=rss&utm_campaign=culture_news','2025-09-26 13:55:00','박광수 부산국제영화제 이사장이 26일 영화의전당에서 열린 제30회 부산국제영화제 결산 기자회견에서 인사말을 하고 있다. 연합뉴스 제30회 부산국제영화제(BIFF)가 열흘의 일정을 마치고 26일 막을 내린다. 올해 영화제는 30회를 맞아 최초로 경쟁 부문을 신설하고 세계 각국의 영화인을 초청해 스페셜 토크 등 다채로운 행사를 진행하며 지난해보다 관객이 대폭···',0.805785,'deleted','2025-09-26 05:02:27','https://img.khan.co.kr/news/2025/09/26/rcv.YNA.20250926.PYH2025092603680001300_P1.jpg',0,1),(524,49,'한겨레','hani.co.kr','LEFT','셈하지 마, 그냥 좋아하는 것의 곁에 머물러도 돼 [.txt]','https://www.hani.co.kr/arti/culture/book/1220901.html',NULL,'',0.805471,'deleted','2025-09-26 05:02:26','https://flexible.img.hani.co.kr/flexible/normal/458/613/imgdb/original/2025/0925/20250925504436.webp',0,2),(525,49,'오마이뉴스','ohmynews.com','LEFT','청년 창업 아이디어, 여기 다 모였네','https://www.ohmynews.com/NWS_Web/View/at_pg.aspx?CNTN_CD=A0003168646','2025-09-25 10:29:29','인천광역시(시장 유정복)와 인천테크노파크(원장 이주호)가 주최한 제2회 인천대학연합 창업아카데미 창업경진대회를 다녀왔다. 지난 23일부터 24일 이틀간 인천 송도 컨벤시아 3홀과 4홀에서 진행된 이번 행사는 인천광역시, 인천테크노파크, 인천글로벌캠퍼스운영재단, 인천내 13개 대학이 공동 운영하는 청년 창업지원 프로그램의 대미를 장식했다. 올해 창업경진대회는 인천 지역대학에서 총 24개팀(일반부 12개팀, 창업동아리부 12개팀)이 참가해 창업캠프(1단계, 6월), 창업디딤돌(2단계, 6~9월)에 이어 이번 창업경진대회(3단계)로 약 3개월간의 활동이 마무리되었다. 첫째날 청년창업플랫폼 홍보부스에서 만난 박유경 학생(인천가톨릭대학교 융합디자인학과)은 \"팀원들과 각자 맡은 바 업무를 해내면서 협력의 가치가 얼마나 중요한지 다시 한번 느낄 수 있었다\"며 \"무엇보다 제 진로에 대해 깊이 고민해 보고 좋은 영향을 받을 수 있었던 점이 가장 큰 의미가 있었고, 단순히 과제를 넘어 인생의 방향성을 탐색할 수 있는 좋은 기회였다\"고 소감을 전했다. 전체 내용보기',0.805423,'deleted','2025-09-26 05:02:28','https://ojsfile.ohmynews.com/CT_T_IMG/2025/0925/IE003527510_LT.jpg',0,3),(526,49,'조선일보','chosun.com','RIGHT','금융투자협회, 일본투자신탁협회 회장단과 자본시장 협력 강화 논의','https://www.chosun.com/economy/stock-finance/2025/09/26/SUFSD3NS64SISCJ5K7FKP74WUI/','2025-09-26 13:56:13','금융투자협회는 26일 서울 여의도 금투센터에서 일본투자신탁협회(KITA) 회장단과 한일 자본시장 협력 강화를 위한 회의를 열었다고 밝혔다. 이번 회의는 양국 자본시장의 상호 발전을 도모하기 위한 협력 방안을 모색하기 위해 마련됐다. 서유석 금융투자협회 회장과 마츠시타 코이치 JITA 회장이 참석했다. 두 단체는 앞으로도 협력 관계를 유지하고 양국 경제 발전',0.815411,'deleted','2025-09-26 05:02:41','https://www.chosun.com/pf/resources/images/thumb_meta.png?d=1941',0,1),(527,49,'조선일보','chosun.com','RIGHT','이재명 정부 출범 석 달만에 14조 4875억원 규모 예타면제…尹정부 41%, 朴정부 58% 넘어서','https://www.chosun.com/politics/2025/09/26/BLTEWGL2W5GYBG4U35DMBHLWYU/','2025-09-26 10:50:55','',0.807163,'published','2025-09-26 07:52:43','https://www.chosun.com/resizer/v2/J6J4FJP6LFAEEUU2NYBGRVPP7A.jpg?auth=f1555e8089940a2b0032e457fd99b523d9360bcfcac9ff56b7817277ff399837&width=1200&height=630&smart=true',0,3),(528,49,'조선일보','chosun.com','RIGHT','코스피 3400 붕괴','https://www.chosun.com/economy/money/2025/09/26/FFILMSFLSVC2XLWFQ5X4PPUEOM/','2025-09-26 11:21:06','',0.807152,'deleted','2025-09-26 05:04:08','https://www.chosun.com/resizer/v2/DMS6KVUCEZG6XB6FTQPLRALNRI.jpg?auth=3403c1328dbc45c7b742a198b10114f324af84ec9dc0e2ecdfe104343816fdf2&width=1200&height=630&focal=1011,28',0,3),(529,49,'조선일보','chosun.com','RIGHT','[단독] 금융위, 롯데카드 영업정지 6개월·과징금 50억 부과 검토','https://www.chosun.com/economy/stock-finance/2025/09/26/ZKMMKCWTZMKVG2OM5PWMPEGHSY/','2025-09-26 10:31:37','금융위원회가 해킹 사태로 회원 개인정보가 유출된 롯데카드에 대해 영업정지 6개월과 과징금 50억원을 부과하는 안을 검토하고 있다. 이는 현행법상 금융사에 내릴 수 있는 최대 수준의 제재다. 금융위는 이번 사안과 관련해 롯데카드 임원에 대한 해임 권고와 일선 직원 면직 요구까지 거론 중이다. 26일 윤한홍 국민의힘 의원실에 따르면 금융위는 금융감독원 검사에서',0.806724,'deleted','2025-09-26 05:02:23','https://www.chosun.com/resizer/v2/Q56MGJ4A3EPNV7F75RUZHBKVDU.jpg?auth=2dcecdea1ebaefd823241e95988636b83aa74446ff5b656da2c7ee7d673d1d53&width=1200&height=630&smart=true',0,4),(530,49,'조선일보','chosun.com','RIGHT','강남권에 20억짜리 아파트, 9억에 공급…29일 송파 \'로또 줍줍\'','https://www.chosun.com/economy/realty/apartment_sales/2025/09/26/WESQMZDYLDYDGQDUPD67RLZ4QI/','2025-09-26 10:54:52','[땅집고] 서울 강남권에서 최대 10억원 안팎의 시세차익이 예상되는 무순위 청약 아파트가 새 입주자를 모집한다. 전매 제한도 없고, 거주의무도 없어 청약 경쟁이 치열할 전망이다. 24일 한국부동산원 청약홈에 따르면, 서울 송파구 거여동 ‘송파 위례 리슈빌 퍼스트클래스’ 전용면적 105㎡(6층) 1가구가 오는 29일 무순위 청약을 통해 공급된다. 이번 물량은',0.806314,'deleted','2025-09-26 05:04:09','https://www.chosun.com/resizer/v2/JV6ROWLHGUQN7SHOKTFJ5M2IMQ.jpg?auth=4b00308f1e83207a1a2f39760b64b8c6fd6009c5c9e723ad58b0db0da8c96368&width=580&height=304&smart=true',0,5),(531,50,'경향신문','khan.co.kr','LEFT','윤석열, 85일 만에 법정 출석···첫 재판·보석 심문 동시 진행','https://www.khan.co.kr/article/202509260745001/?utm_source=khan_rss&utm_medium=rss&utm_campaign=society_news','2025-09-26 07:45:00','윤석열 전 대통령이 지난 7월 9일 오후 구속 전 피의자 심문(영장실질심사)을 받기 위해 서울 서초구 서울중앙지방법원으로 들어서고 있다. 문재원 기자 윤석열 전 대통령의 첫 재판과 보석(보증금 등 조건을 붙인 석방) 심문이 26일 열린다. 윤 전 대통령은 이날 법정에 직접 출석한다. 지난 7월 3일 내란 우두머리 혐의 재판에 나온 뒤 85일 만이다. 서···',0.819886,'published','2025-09-26 05:09:44','https://img.khan.co.kr/news/2025/09/26/news-p.v1.20250926.13b8c642a1bb4b138bac91dfce8de546_P1.jpg',0,1),(532,50,'경향신문','khan.co.kr','LEFT','조희대 “재판의 독립·법관 신분은 헌법이 보장”','https://www.khan.co.kr/article/202509252133015/?utm_source=khan_rss&utm_medium=rss&utm_campaign=politic_news','2025-09-25 21:33:01','여당과 대립 속 법관 임명식 발언 조희대 대법원장(사진)이 25일 신임 법관들에게 “우리 헌법은 재판의 독립을 천명하고 법관의 신분을 보장하고 있다”며 “오직 독립된 재판을 통해서만 사법부에 주어진 헌법적 사명을 온전히 수행하고 국민의 기본권을 충실히 보장할 수 있다”고 말했다. 정청래 더불어민주당 대표가 조 대법원장 사퇴를 요구하고, 국회 법제사···',0.818851,'suggested','2025-09-26 05:06:38','https://img.khan.co.kr/news/2025/09/25/l_2025092601000815500082131.jpg',0,2),(533,50,'한겨레','hani.co.kr','LEFT','[단독] 통일교 한학자, 건강상 이유로 특검 조사 불출석','https://www.hani.co.kr/arti/society/society_general/1220895.html','2025-09-26 11:53:00','',0.813095,'published','2025-09-26 05:10:23','https://flexible.img.hani.co.kr/flexible/normal/800/559/imgdb/original/2025/0926/20250926501753.webp',0,3),(534,50,'경향신문','khan.co.kr','LEFT','조희대 “헌법, 법관 신분 보장···독립된 재판 통해서만 헌법적 사명 수행 가능”','https://www.khan.co.kr/article/202509251619001/?utm_source=khan_rss&utm_medium=rss&utm_campaign=politic_news','2025-09-25 16:19:00','조희대 대법원장이 25일 서울 서초구 대법원으로 출근하고 있다. 연합뉴스 대법원장, 신임 법관 임명식서 강조 여당 주도 청문회 압박, 애둘러 반박 조희대 대법원장이 25일 “우리 헌법은 재판의 독립을 천명하고 법관의 신분을 보장하고 있다”며 “오직 독립된 재판을 통해서만 사법부에 주어진 헌법적 사명을 온전히 수행하고 국민의 기본권을 충실히 보장할 수 있···',0.812268,'suggested','2025-09-26 05:06:38','https://img.khan.co.kr/news/2025/09/25/rcv.YNA.20250925.PYH2025092508310001300_P1.jpg',0,4),(535,50,'경향신문','khan.co.kr','LEFT','[단독]간부 협박에 강제로 끌려나갔는데 무단이탈 피의자 된 병사···간부 수사는 ‘멈춤’','https://www.khan.co.kr/article/202509260600031/?utm_source=khan_rss&utm_medium=rss&utm_campaign=politic_news','2025-09-26 06:00:03','육군 병사 훈련. 사진은 기사와 무관함. 경향신문 자료사진 육군의 한 군부대에서 현역 간부가 병사를 영외로 끌고 나가 수십만원의 식사비용 등을 내도록 강요하고, 폭행과 욕설 등 가혹행위를 한 사건이 발생했다. 그런데 수사 과정에서 오히려 끌려나간 병사가 무단이탈 혐의로 입건됐다. 군검찰은 피해자 대면 조사가 어렵다며 가해자로 지목된 간부 수사를 중단했다.···',0.812193,'suggested','2025-09-26 05:06:38','https://img.khan.co.kr/news/2025/09/26/news-p.v1.20250408.f8bc35e3501a417ba9732fff5894a72b_P1.png',0,5),(536,50,'한겨레','hani.co.kr','LEFT','[포토] 85일 만에 법정 선 윤석열 전 대통령','https://www.hani.co.kr/arti/society/society_general/1220878.html','2025-09-26 11:21:00','',0.811927,'published','2025-09-26 05:10:40','https://flexible.img.hani.co.kr/flexible/normal/970/694/imgdb/original/2025/0926/20250926501092.webp',0,6),(537,50,'오마이뉴스','ohmynews.com','LEFT','[단독] \"연락 달라 아니면 법원 출석\" 명태균·아내, 전 직원에 문자...증언 개입 의혹','https://www.ohmynews.com/NWS_Web/View/at_pg.aspx?CNTN_CD=A0003168654','2025-09-26 07:02:03','공천거래 혐의로 재판 중인 명태균씨와 그의 아내가 최근 미래한국연구소 전 직원에게 접촉해 \"몇 가지 확인해주면 재판에 증인으로 참석할 일은 없을 것\", \"(그렇지 않으면) 내일 법원에 증인으로 청구해 우편으로 출석 통지서가 갈 것\"이라고 말한 사실이 확인됐다. 명씨의 미래한국연구소 실소유 여부가 재판의 쟁점 중 하나인 상황에서 \"부당한 증언 개입\"이라는 지적이 나오자, 명씨 측은 \"증인 신청을 위해 주소를 확인하기 위한 연락\"이라고 주장했다. 명씨는 지난 16일 오후 1시 44분 전 직원 A씨에게 \"○○씨 잘 계시죠?\"라고 안부를 물은 뒤 \"궁금한 게 있어 전화드렸다. 전화주시면 고맙겠다. 부담스러우면 답장 안 해도 괜찮다\"고 문자를 보냈다. A씨가 \"전화번호가 익숙하긴 한데 누구신지 기억이 (안 난다)\"라고 하자, 명씨는 \"명태균입니다\"라고 답했다. 이에 A씨는 \"일하는 중이라 전화 통화는 안 된다. (궁금한 것이) 무슨 내용인지 문자 부탁드린다\"고 말했고, 명씨는 \"별거 아니다. 나중에 일 마치고 시간 나실 때 연락 주시라\"고 재차 전화통화를 요청했다. 명씨의 아내 B씨도 닷새 뒤인 지난 21일 A씨에게 전화를 걸었다. B씨는 A씨가 전화를 받지 않자 \"불쑥 전화드려 죄송하다\"며 \"저는 명태균씨 배우자되는데 불편한 전화인 줄 알지만 저희한테는 절실해 실례인 줄 알지만 전화를 드렸다\"고 운을 뗐다. 전체 내용보기',0.811489,'suggested','2025-09-26 05:06:38','https://ojsfile.ohmynews.com/CRI_T_IMG/2025/0925/A0003168654_T.jpg',0,7),(538,50,'경향신문','khan.co.kr','LEFT','[속보]재판장 “국민참여재판 희망 안하나?”···윤석열 ‘고개만 끄덕’','https://www.khan.co.kr/article/202509261026001/?utm_source=khan_rss&utm_medium=rss&utm_campaign=society_news','2025-09-26 10:26:00','한 시민이 26일 서울역 대합실에서 윤석열 전 대통령의 ‘체포 방해’ 혐의 첫 재판을 시청하고 있다. 성동훈 기자 윤석열 전 대통령이 26일 자신에 대해 내란 특별검사팀이 기소한 특수공무집행방해 혐의 등 사건의 법정에 나와 국민참여재판을 희망하지 않냐는 재판장 질문에 고개를 끄덕였다. 서울중앙지법 형사합의35부(재판장 백대현)는 이날 오전 10시15분 ···',0.811374,'published','2025-09-26 05:10:49','https://img.khan.co.kr/news/2025/09/26/news-p.v1.20250926.7e7519f1c79e49e2a846babbc27b874a_P1.png',0,8),(539,50,'한겨레','hani.co.kr','LEFT','윤석열, 85일 만에 법정 출석…짧은 흰머리에 정장 차림','https://www.hani.co.kr/arti/society/society_general/1220866.html','2025-09-26 12:53:00','',0.80975,'published','2025-09-26 05:13:13','https://flexible.img.hani.co.kr/flexible/normal/970/757/imgdb/original/2025/0926/8317588505294071.webp',1,9),(540,50,'경향신문','khan.co.kr','LEFT','짧게 깎은 하얀 머리에 수용번호 단 윤석열, ‘체포 방해’ 혐의 첫 재판 출석 [현장 화보]','https://www.khan.co.kr/article/202509261030001/?utm_source=khan_rss&utm_medium=rss&utm_campaign=society_news','2025-09-26 10:30:00','윤석열 전 대통령이 26일 서울 서초동 서울중앙지법에서 열린 특수공무집행방해 혐의 재판에 출석하고 있다. &lt;2025. 09. 26 사진공동취재단&gt; 윤석열 전 대통령의 ‘체포 방해’ 혐의 사건 첫 재판이 26일 열렸다. 윤 전 대통령은 이날 법정에 직접 출석했다. 지난 7월3일 내란 우두머리 혐의 재판에 나온 뒤 85일 만이다. 윤 전 대통령은 ···',0.807734,'published','2025-09-26 05:11:05','https://img.khan.co.kr/news/2025/09/26/news-p.v1.20250926.2cda11c438ee49c9878924deada3f413_P1.jpeg',0,10),(541,50,'중앙일보','joongang.co.kr','RIGHT','특검 \'임성근 사촌\' 박철완 검사 압수수색…폰 비밀번호 제공 거부','https://news.google.com/rss/articles/CBMiVkFVX3lxTFBKX0xid1otQ2V1UFVUa3R4OFE0S0ZIM0xJVk1xLU5aaTh3VjZfemRRMmd6UV9mLTFEUFhvOW9NX2ZJajZxOHZsWGNxam5kdmtHemIwTm5B?oc=5&hl=en-US&gl=US&ceid=US:en','2025-09-25 16:07:10','특검 \'임성근 사촌\' 박철완 검사 압수수색…폰 비밀번호 제공 거부 &nbsp;&nbsp; 중앙일보',0.829952,'deleted','2025-09-26 05:12:52','https://lh3.googleusercontent.com/J6_coFbogxhRI9iM864NL_liGXvsQp2AupsKei7z0cNNfDvGUmWUy20nuUhkREQyrpY4bEeIBuc=s0-w300',0,1),(542,50,'중앙일보','joongang.co.kr','RIGHT','어제 재판 김건희, 오늘 다시 특검으로…\'뇌물죄\' 피의자 조사','https://news.google.com/rss/articles/CBMiVkFVX3lxTFBFYWhYX2xmMTZ4WUpyOHJiSXVUeFdGQ19LWElBLUJyTzNySUlXMlFmdXBkbzkwQklHd2ZNNVJzUkJTZEZGQVozWGtReFZqbmEwOHl4X3BB?oc=5&hl=en-US&gl=US&ceid=US:en','2025-09-25 06:07:44','어제 재판 김건희, 오늘 다시 특검으로…\'뇌물죄\' 피의자 조사 &nbsp;&nbsp; 중앙일보',0.819452,'suggested','2025-09-26 05:06:38','https://lh3.googleusercontent.com/J6_coFbogxhRI9iM864NL_liGXvsQp2AupsKei7z0cNNfDvGUmWUy20nuUhkREQyrpY4bEeIBuc=s0-w300',0,2),(543,50,'중앙일보','joongang.co.kr','RIGHT','검사 32명, 판사 됐다…조희대 \"헌법상 재판독립, 신분 보장\"','https://news.google.com/rss/articles/CBMiVkFVX3lxTE9tZjc5STNFc0RScHlreXBrZlpVXzY0Z0hlLVZTbXFGNnBkTWRDRjVLeHJYaDRuaFREVlJNdXpORTh2YUQ5ZnV3MjFTelBEaC1fRTZDbEJB?oc=5&hl=en-US&gl=US&ceid=US:en','2025-09-25 18:19:37','검사 32명, 판사 됐다…조희대 \"헌법상 재판독립, 신분 보장\" &nbsp;&nbsp; 중앙일보',0.817886,'suggested','2025-09-26 05:06:38','https://lh3.googleusercontent.com/J6_coFbogxhRI9iM864NL_liGXvsQp2AupsKei7z0cNNfDvGUmWUy20nuUhkREQyrpY4bEeIBuc=s0-w300',0,3),(544,50,'조선일보','chosun.com','RIGHT','국감 증인 143명 신청… 재판 중인 사건 뒤집겠다는 ‘추미애 법사위’','https://www.chosun.com/politics/assembly/2025/09/26/LYZJZAZ5XZEFHDJV7SZONI6EUU/','2025-09-26 00:51:00','',0.81722,'suggested','2025-09-26 05:06:38','https://www.chosun.com/resizer/v2/OUAP3733WVJB3N2LXZJVQ757EE.jpg?auth=859a74c6a8a98baf329495a51bb5e55c0289bb1858d5d9d1da48c293dc9718fc&width=1200&height=630&smart=true',0,4),(545,50,'동아일보','donga.com','RIGHT','78년만에 간판 내리는 검찰청','https://www.donga.com/news/Society/article/all/20250926/132468511/2','2025-09-26 03:00:00','검찰청을 폐지하는 정부조직법 개정안이 25일 국회 본회의에 상정됐다. 야당의 필리버스터가 강제 종료되는 26일 개정안이 국회를 통과하면 검찰청은 2026년 9월 문을 닫게 된다. 1948년 8월 정부 수립과 함께 설립된 검찰청이 78년 만에 간판을 내리는 것이다. 본회의에 상정된 정부조직법 개정안에 따르면 기존 검찰의 주요 범죄 수사 기능은 행정안전부 산하의 중대범죄수사청(중수청)으로 이전된다. 기소권은 신설되는 공소청으로 이관돼 경찰과 중수청 등이 수사한 사건을 재판에 넘길지 결정하게 된다. 개정안이 시행될 때까지 1년의 유예 기간을 두고 국무총리실과 법무부, 행안부 등 정부를 중심으로 구성될 범정부 검찰제도개혁 태스크포스(TF)에서 세부 방안을 도출할 예정이다. 현재 검찰 내 검사 정원은 약 2300명, 수사관과 실무관 등 수사 인력은 약 7800명이다. 중수청과 공소청의 구체적인 권한과 역할이 정해지는 대로 1만 명가량의 인력 재배치가 이뤄질 것으로 보인다. 검찰은 전현직 대',0.816873,'suggested','2025-09-26 05:06:38','https://dimg1.donga.com/wps/NEWS/IMAGE/2025/09/26/132468867.1.jpg',0,5),(546,50,'동아일보','donga.com','RIGHT','공수처, 뇌물 의혹 전주지법 부장판사 집무실 등 압수수색','https://www.donga.com/news/Society/article/all/20250926/132470419/2','2025-09-26 11:57:00','고위공직자범죄수사처(공수처)가 전주지법 부장판사의 뇌물 수수 의혹 사건과 관련해 강제 수사에 착수했다.공수처는 26일 언론 공지를 통해 “금일 오전 이른바 ‘현직 판사 뇌물수수 의혹 사건’과 관련해 해당 판사 주거지 및 집무실 등을 압수수색 중”이라고 밝혔다. 공수처가 법원을 상대로 압수수색에 나선 것은 처음이다. A 부장판사는 변호사로부터 현금 300만 원과 배우자 향수 등 370만 원 상당의 금품을 제공받은 혐의를 받고 있다. 앞서 전북경찰청은 4월 이같은 내용의 고발장을 접수했다. 이후 5월경 사건을 공수처로 이첩했다.',0.814759,'published','2025-09-26 05:13:32','https://dimg1.donga.com/wps/NEWS/IMAGE/2025/09/26/132470420.2.jpg',1,6),(547,50,'중앙일보','joongang.co.kr','RIGHT','尹, 85일 만에 법정 출석…노타이 정장, 가슴엔 수용번호 3617','https://news.google.com/rss/articles/CBMiVkFVX3lxTE5VSTVqLXlDT09PVUphZkRlNTlDOVlVU2JNMUg5VkloMzJHV1VHOVl3cVRSUnczUURZY29GenhjUjZ4UnMzOFhWLV95NjVlWXU1dXBmOVBn?oc=5&hl=en-US&gl=US&ceid=US:en','2025-09-26 10:17:49','尹, 85일 만에 법정 출석…노타이 정장, 가슴엔 수용번호 3617 &nbsp;&nbsp; 중앙일보',0.814576,'published','2025-09-26 05:13:32','https://lh3.googleusercontent.com/J6_coFbogxhRI9iM864NL_liGXvsQp2AupsKei7z0cNNfDvGUmWUy20nuUhkREQyrpY4bEeIBuc=s0-w300',0,7),(548,50,'중앙일보','joongang.co.kr','RIGHT','국민참여재판 묻자 김건희 \"아닙니다\"…특검 \'법원의 시간\' 시작','https://news.google.com/rss/articles/CBMiVkFVX3lxTE5GbENFU1h6NUlNSzlFWkZRR3ZpTWJXMzRNeTlaM0Z3blZWNk5tVkgyMGFRYURhNUFiZno2d0RNTGx3MTc1TnQzVFI2Ti14SG9CZVNJN213?oc=5&hl=en-US&gl=US&ceid=US:en','2025-09-25 05:00:03','국민참여재판 묻자 김건희 \"아닙니다\"…특검 \'법원의 시간\' 시작 &nbsp;&nbsp; 중앙일보',0.812019,'published','2025-09-26 05:12:23','https://lh3.googleusercontent.com/J6_coFbogxhRI9iM864NL_liGXvsQp2AupsKei7z0cNNfDvGUmWUy20nuUhkREQyrpY4bEeIBuc=s0-w300',0,8),(549,50,'중앙일보','joongang.co.kr','RIGHT','조희대, 신임 법관에 \"헌법이 재판 독립∙법관 신분 보장\"','https://news.google.com/rss/articles/CBMiVkFVX3lxTE94dmtuY3V0VVBJOC1iR3UyT0dkRV91OC10NklQSzhZeGdTMURrT0ZHN29UR1ZjaVdrZzlWUjA5ZHNZU3c5dHpyTGlqbGdDaHdkZzZZVGJ3?oc=5&hl=en-US&gl=US&ceid=US:en','2025-09-25 15:47:32','조희대, 신임 법관에 \"헌법이 재판 독립∙법관 신분 보장\" &nbsp;&nbsp; 중앙일보',0.811444,'published','2025-09-26 05:13:27','https://lh3.googleusercontent.com/J6_coFbogxhRI9iM864NL_liGXvsQp2AupsKei7z0cNNfDvGUmWUy20nuUhkREQyrpY4bEeIBuc=s0-w300',0,9),(550,50,'동아일보','donga.com','RIGHT','경찰, 고용노동부 장관실 앞 방화 시도 50대 구속영장 신청','https://www.donga.com/news/Society/article/all/20250926/132470893/1','2025-09-26 13:55:25','지난 25일 오후 정부세종청사 고용노동부에 무단 진입해 방화를 하려 한 50대에 대해 경찰이 26일 구속영장을 신청했다.세종 남부경찰서에 따르면 경찰은 이날 특수공무집행방해, 공동건조물침입, 현주건조물방화미수 혐의로 50대 남성 A 씨에 대한 구속영장을 신청했다. 구속 전 피의자 심문(영장실질심사)은 오는 27일로 예상된다.A 씨는 전날 오후 6시 25분쯤 세종 어진동 정부세종청사 고용노동부 건물 6층 장관실 앞에서 페트병에 담긴 휘발유를 바닥에 뿌리며 난동을 피우다 현행범 체포됐다.그는 인화물질이 담긴 1.5리터 페트병 3개가 담긴 가방을 들고 청사에 들어가 반 정도를 바닥에 뿌렸다. 토치를 이용해 불을 붙이려다 청사 직원들의 제지로 실제 화재로 이어지지는 않았다.A 씨는 안전화 유통업체 대표로, 2023년 이후 안전 인증 관련 민원을 제기했으나 받아들여지지 않자 “장·차관을 직접 만나겠다”며 청사를 무단 진입한 것으로 파악됐다.(세종=뉴스1)',0.811278,'suggested','2025-09-26 05:06:38','https://dimg1.donga.com/wps/NEWS/IMAGE/2025/09/26/132470894.1.jpg',0,10);
/*!40000 ALTER TABLE `tn_article` ENABLE KEYS */;
UNLOCK TABLES;

--
-- Table structure for table `tn_comment`
--

DROP TABLE IF EXISTS `tn_comment`;
/*!40101 SET @saved_cs_client     = @@character_set_client */;
/*!50503 SET character_set_client = utf8mb4 */;
CREATE TABLE `tn_comment` (
  `id` bigint unsigned NOT NULL AUTO_INCREMENT,
  `topic_id` int NOT NULL,
  `user_id` bigint unsigned NOT NULL,
  `content` text COLLATE utf8mb4_unicode_ci NOT NULL,
  `status` enum('ACTIVE','HIDDEN','DELETED') COLLATE utf8mb4_unicode_ci NOT NULL DEFAULT 'ACTIVE',
  `created_at` timestamp NOT NULL DEFAULT CURRENT_TIMESTAMP,
  `updated_at` timestamp NOT NULL DEFAULT CURRENT_TIMESTAMP ON UPDATE CURRENT_TIMESTAMP,
  PRIMARY KEY (`id`),
  KEY `ix_tn_comment_topic_created` (`topic_id`,`created_at`),
  KEY `ix_tn_comment_user_id` (`user_id`),
  CONSTRAINT `fk_tn_comment_topic` FOREIGN KEY (`topic_id`) REFERENCES `tn_topic` (`id`) ON DELETE CASCADE,
  CONSTRAINT `fk_tn_comment_user` FOREIGN KEY (`user_id`) REFERENCES `tn_user` (`id`) ON DELETE CASCADE
) ENGINE=InnoDB DEFAULT CHARSET=utf8mb4 COLLATE=utf8mb4_unicode_ci COMMENT='토픽별 댓글';
/*!40101 SET character_set_client = @saved_cs_client */;

--
-- Dumping data for table `tn_comment`
--

LOCK TABLES `tn_comment` WRITE;
/*!40000 ALTER TABLE `tn_comment` DISABLE KEYS */;
/*!40000 ALTER TABLE `tn_comment` ENABLE KEYS */;
UNLOCK TABLES;

--
-- Table structure for table `tn_topic`
--

DROP TABLE IF EXISTS `tn_topic`;
/*!40101 SET @saved_cs_client     = @@character_set_client */;
/*!50503 SET character_set_client = utf8mb4 */;
CREATE TABLE `tn_topic` (
  `id` int NOT NULL AUTO_INCREMENT,
  `core_keyword` varchar(255) COLLATE utf8mb4_unicode_ci NOT NULL COMMENT '핵심 키워드',
  `display_name` varchar(255) COLLATE utf8mb4_unicode_ci DEFAULT NULL COMMENT '관리자가 수정한 최종 토픽 이름',
  `search_keywords` text COLLATE utf8mb4_unicode_ci COMMENT '관리자가 수정한 기사 검색용 키워드 목록',
  `sub_description` varchar(255) COLLATE utf8mb4_unicode_ci DEFAULT NULL COMMENT '보조 설명 키워드',
  `summary` text COLLATE utf8mb4_unicode_ci COMMENT '관리자가 작성하는 중립적 요약',
  `status` enum('published','suggested','rejected','archived') COLLATE utf8mb4_unicode_ci DEFAULT NULL,
  `collection_status` enum('pending','collecting','completed','failed') COLLATE utf8mb4_unicode_ci NOT NULL DEFAULT 'pending' COMMENT '기사 수집 상태',
  `created_at` timestamp NULL DEFAULT CURRENT_TIMESTAMP COMMENT '후보 생성 일시',
  `published_at` timestamp NULL DEFAULT NULL COMMENT '발행 일시',
  `updated_at` timestamp NULL DEFAULT CURRENT_TIMESTAMP ON UPDATE CURRENT_TIMESTAMP COMMENT '마지막 수정 일시',
  PRIMARY KEY (`id`),
  UNIQUE KEY `core_keyword` (`core_keyword`),
  KEY `status` (`status`)
) ENGINE=InnoDB AUTO_INCREMENT=51 DEFAULT CHARSET=utf8mb4 COLLATE=utf8mb4_unicode_ci COMMENT='AI가 추천하고 관리자가 검토하는 토픽 후보 테이블';
/*!40101 SET character_set_client = @saved_cs_client */;

--
-- Dumping data for table `tn_topic`
--

LOCK TABLES `tn_topic` WRITE;
/*!40000 ALTER TABLE `tn_topic` DISABLE KEYS */;
INSERT INTO `tn_topic` VALUES (1,'대왕고래','대왕고래','가스,석유,동해','가스전, 동해, 탐사','최근 동해 심해에서 대규모 석유·가스전이 발견될 가능성이 제기되었습니다. 정부는 즉각 탐사 시추 계획을 발표했으나, 야당과 일부 전문가들은 경제성과 실현 가능성에 의문을 제기하며 신중한 접근을 요구하고 있습니다.','published','pending','2025-09-22 05:20:15','2025-09-22 05:20:15','2025-09-23 07:54:08'),(4,'청소',NULL,NULL,'무료, 국수, 한수원',NULL,'rejected','pending','2025-09-22 08:29:46',NULL,'2025-09-23 06:15:21'),(5,'국내',NULL,NULL,'삼성, 기술, 목표',NULL,'rejected','pending','2025-09-22 08:29:46',NULL,'2025-09-23 07:30:02'),(6,'시민',NULL,NULL,'매듭, 사회, 자녀',NULL,'rejected','pending','2025-09-22 08:29:46',NULL,'2025-09-23 07:30:00'),(7,'국힘',NULL,NULL,'국민, 배임죄, 폐지',NULL,'rejected','pending','2025-09-23 07:38:21',NULL,'2025-09-23 08:29:31'),(8,'국방',NULL,NULL,'김정은, 자주, 비핵화',NULL,'suggested','pending','2025-09-22 08:29:46',NULL,'2025-09-23 04:31:31'),(9,'똘마',NULL,NULL,'장동혁, 감독, 가장',NULL,'rejected','pending','2025-09-22 08:29:46',NULL,'2025-09-23 07:29:56'),(10,'추석',NULL,NULL,'할인, 부담, 병원',NULL,'suggested','pending','2025-09-23 01:09:46',NULL,'2025-09-23 04:31:31'),(11,'안위',NULL,NULL,'법관, 대표, 회의',NULL,'rejected','pending','2025-09-22 08:29:46',NULL,'2025-09-24 06:10:04'),(12,'경주','경주 APEC','경주,APEC,트럼프,정상','트럼프, 세계, 정상','10~11월 경주에서 열리는 APEC 정상회의를 지역경제·관광 활성화와 공급망·디지털·기후 등 실질 협력 성과로 연결하되, 미·중 정상 참석 논의 같은 외교 이벤트는 환영하되 과도한 정치공방과 예산·교통 혼잡의 부작용을 최소화하는 ‘실용적 개최’가 바람직합니다.','published','completed','2025-09-22 08:29:46','2025-09-23 06:18:28','2025-09-25 01:18:31'),(13,'진종오',NULL,NULL,'실탄, 여정, 시중',NULL,'rejected','pending','2025-09-22 08:29:46',NULL,'2025-09-25 04:41:04'),(14,'하도급',NULL,NULL,'위반, 코스피, 청년',NULL,'rejected','pending','2025-09-22 08:29:46',NULL,'2025-09-23 07:29:48'),(15,'개최',NULL,NULL,'사업, 미국, 중소기업',NULL,'rejected','pending','2025-09-22 08:29:46',NULL,'2025-09-23 07:29:51'),(16,'살해',NULL,NULL,'유튜버, 흉기, 충격',NULL,'rejected','pending','2025-09-22 08:29:46',NULL,'2025-09-23 07:29:53'),(17,'조희',NULL,NULL,'청문회, 대선, 개입',NULL,'rejected','pending','2025-09-23 07:38:21',NULL,'2025-09-23 07:40:37'),(18,'특검','특검','특검, 조희, 국힘, 수사','조희, 국힘, 수사','청문회가 권력 감시와 인사‧현안 검증을 위한 제도인 만큼 법·절차에 따른 공정한 진행으로 사실을 따지고(예: 합참의장 청문회의 안보 쟁점 점검), 대법원장 긴급청문회 강행 논란 같은 정쟁·보여주기식 공방은 자제하자는 입장입니다.','archived','pending','2025-09-23 07:38:21','2025-10-01 02:11:44','2025-10-01 02:13:30'),(19,'김건희','특검','대법원장,추미애,정청래,조희대','특검, 소환, 조사','청문회가 권력 감시와 인사‧현안 검증을 위한 제도인 만큼 법·절차에 따른 공정한 진행으로 사실을 따지고(예: 합참의장 청문회의 안보 쟁점 점검), 대법원장 긴급청문회 강행 논란 같은 정쟁·보여주기식 공방은 자제하자는 입장입니다.','published','completed','2025-09-22 08:29:46','2025-09-24 06:08:25','2025-09-24 06:14:45'),(20,'유엔','유엔총회','유엔, 총회, 참석, 뉴욕, 연설','총회, 참석, 뉴욕','이번 유엔총회를 ‘민주·평화’ 복귀 메시지와 다자협력 의지를 확인(한국의 안보리 활동 포함)하되, 한반도 긴장완화와 가자·우크라이나·AI·기후 같은 실질 의제에서의 가시적 성과를 차분히 점검·축적하자는 실용 노선을 지지합니다.','published','completed','2025-09-22 08:29:46','2025-09-24 00:35:29','2025-09-24 01:58:22'),(21,'부산',NULL,NULL,'신승훈, 작품, 영화',NULL,'rejected','pending','2025-09-23 01:09:46',NULL,'2025-09-23 07:30:07'),(22,'정청래','정청래','정청래,대법원장,추미애,조희대','롯데, 대응, 카드','청문회가 권력 감시와 인사‧현안 검증을 위한 제도인 만큼 법·절차에 따른 공정한 진행으로 사실을 따지고(예: 합참의장 청문회의 안보 쟁점 점검), 대법원장 긴급청문회 강행 논란 같은 정쟁·보여주기식 공방은 자제하자는 입장입니다.','published','completed','2025-09-23 07:38:21','2025-09-24 06:52:18','2025-09-26 02:29:40'),(23,'작품',NULL,NULL,'서울, 거리, 작가',NULL,'rejected','pending','2025-09-22 08:29:46',NULL,'2025-09-24 06:10:07'),(25,'투자','통화스와프','대통령,통화,스와프','대통령, 통화, 스와프','정부의 한·미 통화스와프 재개 요구와 한은의 시장안정 효과 평가를 감안해, ‘상징성 경쟁’보다 외환안정·투자 실행에 실익이 되는 범위에서 미국 등과의 스와프를 현실적으로 확대·다변화하되 조건과 지속가능성을 꼼꼼히 따지는 게 바람직하다고 봅니다.','archived','completed','2025-09-23 01:09:46','2025-09-23 08:30:50','2025-09-25 00:50:59'),(26,'교수',NULL,NULL,'기반, 이용, 서울',NULL,'rejected','pending','2025-09-23 01:09:46',NULL,'2025-09-23 06:15:32'),(29,'대통령',NULL,NULL,'뉴욕, 추석, 선물',NULL,'suggested','pending','2025-09-23 07:38:21',NULL,'2025-09-23 07:38:21'),(31,'비자','미국 비자','비자,미국,수수료,H-1B','인상, 미국, 수수료','최근 미국의 H-1B·ESTA 수수료 인상으로 비용·불확실성이 커진 점은 비판하되 연구·유학·관광의 실익을 감안해 정보 업데이트와 시기·경로 다변화 등 현실적 대비를 병행 필요하다 느끼고 있습니다.','published','pending','2025-09-23 01:09:46','2025-09-23 04:16:54','2025-09-23 08:03:15'),(33,'최고',NULL,NULL,'상승, 사상, 지수',NULL,'rejected','pending','2025-09-23 01:09:46',NULL,'2025-09-23 06:15:25'),(38,'서울',NULL,NULL,'짝짓기, 확인, 의사',NULL,'rejected','pending','2025-09-23 07:38:21',NULL,'2025-09-24 00:46:37'),(39,'김정은','김정은 비핵화','김정은,트럼프,비핵화,통일','트럼프, 비핵화, 동결','김정은이 최근 “비핵화는 없다”는 취지로 핵보유국 지위를 전제로만 대화를 시사한 현실을 감안해, 군사도발 억제와 제재·압박을 유지하되 단계적 핵동결·검증과 실질 협상을 병행하는 실용 노선을 지지합니다.','published','completed','2025-09-23 07:38:21','2025-09-23 08:22:34','2025-09-23 08:23:30'),(40,'축제',NULL,NULL,'서울, 불꽃, 세계',NULL,'rejected','pending','2025-09-23 07:38:21',NULL,'2025-09-23 08:29:36'),(43,'케데헌','케데헌','케데헌,케이팝,K,K-POP','국가, 신승훈, 세계','‘케데헌’의 빌보드 1위·전국 싱어롱 등 세계적 흥행은 반가우나, 일본 제작·역사 논란 등은 과열된 감정 대신 사실 검증과 산업 발전 논의로 풀어가자는 입장입니다.','published','pending','2025-09-23 07:38:21','2025-09-23 07:48:15','2025-09-23 07:48:15'),(44,'통화스와프','통화스와프','통화스와프, 달러스와프, 커런시스왑, 통화교환','','외환안정과 신뢰 제고에 실익이 되는 범위에서 파트너와 조건을 현실적으로 확대하되, 지속가능성을 꼼꼼히 점검하자는 입장입니다.','published','completed','2025-09-25 01:43:18','2025-09-25 01:43:18','2025-09-25 06:18:24'),(47,'해킹','해킹','SKT,KT,롯데카드,유출','관리자 직접 생성','최근 해킹·랜섬웨어·디도스 등 사이버 공격이 빈발하는 만큼, 정쟁보다 피해 최소화와 신속한 공개·패치, 다중인증·훈련 강화, 공공·민간 공조를 통한 실질적 대응을 우선하자는 입장입니다.','published','completed','2025-09-25 04:45:34','2025-09-25 04:45:34','2025-09-26 04:53:34'),(48,'정부조직법 개정','정부조직법 개정','정부조직법,검찰청,폐지,공소청,필리버스터','관리자 직접 생성','권력분립과 수사·기소 분리의 취지, 조직개편의 실효·부작용을 균형 있게 따지자는 입장입니다.','published','completed','2025-09-26 02:33:27','2025-09-26 02:33:27','2025-09-26 04:33:37'),(49,'대미투자 3,500억달러 ‘선불’ 논란','대미투자 3,500억달러 ‘선불’ 논란','트럼프,대미,투자,3500억','관리자 직접 생성','도널드 트럼프 미국 대통령이 한국의 대미 투자 3,500억달러를 ‘선불(up front)로 언급해, 투자 시점·형태와 관세·무역 협상과의 연계 여부를 둘러싼 논란이 커지고 있습니다. 국내외 보도는 이 발언을 관세 협상 압박 신호로 해석하지만, 구체적 이행 조건(정부/민간 분담, 현금 vs 단계적 투자, 정책 혜택 연계)은 아직 공식적으로 확정·명시되지 않았습니다.','published','completed','2025-09-26 04:37:22','2025-09-26 04:37:22','2025-09-26 05:01:17'),(50,'윤석열 전 대통령 재판 재개','윤석열 전 대통령 재판 재개','윤석열,재판,계엄의혹,특검수사,공무집행방해,신문출석','관리자 직접 생성','파면 이후 진행 중인 사건에서 새 재판 절차가 시작됐습니다. 핵심은 직무정지 국면에서의 방해 혐의 및 계엄 관련 의혹 등으로, 피고측은 정치적 동기를 부인하고 있습니다.','published','completed','2025-09-26 05:04:47','2025-09-26 05:04:47','2025-09-26 05:06:38');
/*!40000 ALTER TABLE `tn_topic` ENABLE KEYS */;
UNLOCK TABLES;

--
-- Table structure for table `tn_user`
--

DROP TABLE IF EXISTS `tn_user`;
/*!40101 SET @saved_cs_client     = @@character_set_client */;
/*!50503 SET character_set_client = utf8mb4 */;
CREATE TABLE `tn_user` (
  `id` bigint unsigned NOT NULL AUTO_INCREMENT,
  `email` varchar(254) COLLATE utf8mb4_unicode_ci NOT NULL,
  `password` varchar(255) COLLATE utf8mb4_unicode_ci NOT NULL COMMENT 'hashed password',
  `name` varchar(100) COLLATE utf8mb4_unicode_ci NOT NULL,
  `nickname` varchar(50) COLLATE utf8mb4_unicode_ci NOT NULL,
  `phone` varchar(20) COLLATE utf8mb4_unicode_ci DEFAULT NULL,
  `status` enum('ACTIVE','SUSPENDED','DELETED') COLLATE utf8mb4_unicode_ci NOT NULL DEFAULT 'ACTIVE',
  `warning_count` tinyint unsigned NOT NULL DEFAULT '0',
  `created_at` timestamp NOT NULL DEFAULT CURRENT_TIMESTAMP,
  `updated_at` timestamp NOT NULL DEFAULT CURRENT_TIMESTAMP ON UPDATE CURRENT_TIMESTAMP,
  PRIMARY KEY (`id`),
  UNIQUE KEY `ux_tn_user_email` (`email`),
  UNIQUE KEY `ux_tn_user_nickname` (`nickname`),
  UNIQUE KEY `ux_tn_user_phone` (`phone`)
) ENGINE=InnoDB AUTO_INCREMENT=4 DEFAULT CHARSET=utf8mb4 COLLATE=utf8mb4_unicode_ci COMMENT='일반 사용자';
/*!40101 SET character_set_client = @saved_cs_client */;

--
-- Dumping data for table `tn_user`
--

LOCK TABLES `tn_user` WRITE;
/*!40000 ALTER TABLE `tn_user` DISABLE KEYS */;
INSERT INTO `tn_user` VALUES (1,'example@rs-team.com','$2b$10$PSHYWqin2/ZNXqAjvSWwt.u1FIqPuZ0tt/8fClGqf/ZjIV2lpGyNK','홍길동','도사님1','01011112222','ACTIVE',0,'2025-09-30 06:32:37','2025-09-30 06:32:37'),(2,'example1@rs-team.com','$2b$10$pkUr727Csbn1xy3Sj3Jbm.LvaCOhbl5Dkz5la/WNibk7bgfAwPSNy','홍길순','길순2','01011113333','ACTIVE',0,'2025-09-30 06:42:49','2025-09-30 06:42:49'),(3,'example2@rs-team.com','$2b$10$iRyV2Y6CaxVu4cMTGf3p3uTiKcvPXelOZnGCxZN8hdn4xg2LK9DXi','홍길영','사자1','01011114444','ACTIVE',0,'2025-09-30 06:55:12','2025-09-30 06:55:12');
/*!40000 ALTER TABLE `tn_user` ENABLE KEYS */;
UNLOCK TABLES;

--
-- Dumping events for database 'different_news'
--

--
-- Dumping routines for database 'different_news'
--
/*!40103 SET TIME_ZONE=@OLD_TIME_ZONE */;

/*!40101 SET SQL_MODE=@OLD_SQL_MODE */;
/*!40014 SET FOREIGN_KEY_CHECKS=@OLD_FOREIGN_KEY_CHECKS */;
/*!40014 SET UNIQUE_CHECKS=@OLD_UNIQUE_CHECKS */;
/*!40101 SET CHARACTER_SET_CLIENT=@OLD_CHARACTER_SET_CLIENT */;
/*!40101 SET CHARACTER_SET_RESULTS=@OLD_CHARACTER_SET_RESULTS */;
/*!40101 SET COLLATION_CONNECTION=@OLD_COLLATION_CONNECTION */;
/*!40111 SET SQL_NOTES=@OLD_SQL_NOTES */;

-- Dump completed on 2025-10-01  5:00:32
